_id,name,gender,email,specialization,knowledge
5d86cb0e743a9b2324e16251,Reyes Knapp,nb,teste@teste.com,frontend,3
5d86cb0ee3942ffdba66c645,Rios Wilson,trans,teste@teste.com,backend,3
5d86cb0ea495ec5822a8a927,Lancaster Richard,nb,teste@teste.com,business,1
5d86cb0e007c474d712a8b7a,French Gordon,trans,teste@teste.com,backend,1
5d86cb0eb5855278f5bfef3c,Jacklyn Owens,ni,teste@teste.com,frontend,2
5d86cb0e0d1c5dd0a4cc401a,Holder Snyder,cis,teste@teste.com,business,1
5d86cb0e15dfd468d6cde529,Kerr Casey,ni,teste@teste.com,backend,2
5d86cb0e1bc9604c7c785b2b,Dunlap Small,nb,teste@teste.com,ux,1
5d86cb0e7b8ba4c6261189ed,John Warren,cis,teste@teste.com,business,3
5d86cb0e12fa7528b55227d7,Donaldson Strong,ni,teste@teste.com,frontend,1
5d86cb0ea94efc809ac051ca,Mindy Reilly,trans,teste@teste.com,frontend,1
5d86cb0ebe6ae4598e9de1d6,Kerry Hahn,ni,teste@teste.com,frontend,1
5d86cb0e4384d0fbb37464d9,Rogers Singleton,nb,teste@teste.com,frontend,3
5d86cb0e0f8af8f5a34177f1,Cash Hess,trans,teste@teste.com,frontend,3
5d86cb0e12d6f4c4cb0385e1,Bette Ratliff,cis,teste@teste.com,business,1
5d86cb0e286e74397020baad,Alma Roman,ni,teste@teste.com,business,2
5d86cb0ea9efa22152ebb233,Lee Bush,cis,teste@teste.com,ux,2
5d86cb0ec1a815eabe080460,Adkins Powell,ni,teste@teste.com,business,3
5d86cb0e93d456cc112c9a25,Antonia Ramirez,ni,teste@teste.com,frontend,2
5d86cb0e1169f364911ef423,Alvarez Cantrell,nb,teste@teste.com,ux,3
5d86cb0e02248f0aafba0b99,Carter Shaw,ni,teste@teste.com,ux,3
5d86cb0e68370bf277194962,Marsha Short,trans,teste@teste.com,ux,3
5d86cb0e823e76b0d3ca625e,Berry Mejia,ni,teste@teste.com,ux,3
5d86cb0e9e82bb02ed723de7,Mariana Collins,cis,teste@teste.com,ux,3
5d86cb0ed7b440862d240ac6,Luisa Rodgers,trans,teste@teste.com,ux,1
5d86cb0e45b4a71a3c83ca47,Lesley Mckenzie,nb,teste@teste.com,business,2
5d86cb0e9861f93d23c75c90,Estrada Woodard,cis,teste@teste.com,backend,1
5d86cb0e0e88a77e7f685689,Dorothy Mcintyre,trans,teste@teste.com,backend,1
5d86cb0e746a657fc9fe6c77,Cecelia Franklin,cis,teste@teste.com,ux,3
5d86cb0ed279b2dfa26a553e,Warner Barron,nb,teste@teste.com,backend,1
5d86cb0e466d389d013acfaa,Virgie Walls,cis,teste@teste.com,ux,2
5d86cb0e98e2138e1a79cbe5,Chelsea Gonzalez,nb,teste@teste.com,business,3
5d86cb0ec1fdec9bbd78d2e9,Antoinette Craig,ni,teste@teste.com,business,3
5d86cb0e995706e031966844,Dale Bray,nb,teste@teste.com,business,2
5d86cb0ef0b967952edb5161,Tia Hernandez,ni,teste@teste.com,ux,1
5d86cb0ec436e46c2ac7499f,Keller Mercer,cis,teste@teste.com,backend,3
5d86cb0eef04b4a774b665ff,Waters Levy,cis,teste@teste.com,backend,1
5d86cb0e39802a9029c096eb,Janine Moody,nb,teste@teste.com,business,3
5d86cb0eb76123305b6b6a98,Myrna Montoya,cis,teste@teste.com,frontend,1
5d86cb0ed269b3a6d85ad0d4,Etta Bell,nb,teste@teste.com,business,2
5d86cb0e5d2faee6c1aa539c,Emily Rosario,nb,teste@teste.com,backend,3
5d86cb0e55c422a2d493d1be,Josie Bolton,nb,teste@teste.com,ux,3
5d86cb0e3ee701f40b2477c8,Carly Blevins,nb,teste@teste.com,business,1
5d86cb0e710ce767d99d758b,Anita Hardy,nb,teste@teste.com,ux,1
5d86cb0efb7d358e9cc26ad7,Delores Salazar,nb,teste@teste.com,frontend,3
5d86cb0ec8f40bb7c722c25f,Witt Byrd,trans,teste@teste.com,ux,2
5d86cb0e8d0f8f3bf416e532,Henson Bruce,ni,teste@teste.com,ux,2
5d86cb0e9e0c9fc57edded50,Rose English,nb,teste@teste.com,ux,3
5d86cb0e37e296fc5a97805e,Merritt Newman,trans,teste@teste.com,backend,3
5d86cb0eb001535a18a59eb2,Carrillo Allen,nb,teste@teste.com,frontend,2
5d86cb0ec83bf197dbfbb3bb,Lloyd Burnett,trans,teste@teste.com,frontend,2
5d86cb0ef1db7113e0534929,Addie Clark,trans,teste@teste.com,frontend,3
5d86cb0e33ed943954a86d9c,Edwards Schroeder,trans,teste@teste.com,ux,3
5d86cb0edf301f75f6589165,Valarie Fox,trans,teste@teste.com,frontend,3
5d86cb0e2a2748d24cf8dc58,Pitts Melton,cis,teste@teste.com,business,1
5d86cb0e2df64201b2ca45cf,Sabrina Lambert,nb,teste@teste.com,frontend,3
5d86cb0e49b4adf9e41cb2ba,Mcintosh Blackwell,trans,teste@teste.com,business,2
5d86cb0edec8a3ad0bb56292,Rivera Hinton,cis,teste@teste.com,business,3
5d86cb0ebb7884ad6a762d32,Maynard Barr,nb,teste@teste.com,backend,2
5d86cb0e4f90878b521b3f0c,Janell Rowland,trans,teste@teste.com,ux,3
5d86cb0e81d906819a081d4c,Harrell Collier,cis,teste@teste.com,frontend,3
5d86cb0e1395ec651f546312,Becky Cain,nb,teste@teste.com,ux,1
5d86cb0e1a87699dd28d4859,Goldie Briggs,nb,teste@teste.com,ux,2
5d86cb0ecf4577feadc69cc2,Avis Acosta,trans,teste@teste.com,business,2
5d86cb0e77182bd5d640997b,Kathryn Ryan,nb,teste@teste.com,ux,1
5d86cb0ee152b5c7289645f2,Sonya Weber,ni,teste@teste.com,ux,2
5d86cb0ef6af3adec9c9e4f0,Dawn Boyle,cis,teste@teste.com,business,3
5d86cb0eb99b0aadd81de349,Atkinson Compton,trans,teste@teste.com,frontend,2
5d86cb0e9b8be0475bd65fe9,Katherine Fitzpatrick,trans,teste@teste.com,ux,2
5d86cb0e5699a458d5681103,Webster Kirk,cis,teste@teste.com,backend,3
5d86cb0ebad3f16300d18275,Larsen Anderson,nb,teste@teste.com,business,2
5d86cb0e163c62cdf9d072f3,Miles Wilcox,cis,teste@teste.com,ux,1
5d86cb0eeb0891e1edf026c6,Estella Clemons,nb,teste@teste.com,ux,3
5d86cb0e11df0543fcc9ca3a,Olsen Sharp,nb,teste@teste.com,ux,3
5d86cb0e5089ff449ae023c4,Hilary Peters,cis,teste@teste.com,frontend,1
5d86cb0e32189c7a0118b807,Buckley Carson,nb,teste@teste.com,business,3
5d86cb0e74db029c4924f3ff,Cox Mendez,cis,teste@teste.com,frontend,3
5d86cb0e2695c93fcb9ab0e8,Walsh Chapman,cis,teste@teste.com,backend,1
5d86cb0efb3f5849ba4ad31f,Silvia Mays,cis,teste@teste.com,business,2
5d86cb0e3700a903f717de0c,Leblanc Gilliam,ni,teste@teste.com,backend,3
5d86cb0e76fb7310a8cfdbfc,Morton Nolan,cis,teste@teste.com,ux,3
5d86cb0e5d802e6a0fdb0099,Wilma Brennan,ni,teste@teste.com,backend,2
5d86cb0e5e4c8e52a1df5964,Perry Molina,cis,teste@teste.com,frontend,2
5d86cb0ed90b4dbc418c482a,Dianna Harrell,trans,teste@teste.com,backend,3
5d86cb0e03d626897071f6cd,Andrews Dominguez,ni,teste@teste.com,ux,2
5d86cb0e86f17f3a26ae3863,Carol Hunter,trans,teste@teste.com,ux,1
5d86cb0e2d0447be98c0f880,Olive Schultz,cis,teste@teste.com,frontend,1
5d86cb0efc890a902969ce6d,Mendoza French,nb,teste@teste.com,business,1
5d86cb0e297adf78edf103a0,Rosie Lancaster,cis,teste@teste.com,business,1
5d86cb0ee9ae1a343c6d358b,Murphy Farmer,cis,teste@teste.com,frontend,2
5d86cb0e3ec0df6a2c7071e0,Torres Turner,cis,teste@teste.com,ux,3
5d86cb0e163bb18a3069e16a,Pratt Carroll,nb,teste@teste.com,backend,3
5d86cb0eefc602464d27fe12,Nelda Mclaughlin,cis,teste@teste.com,backend,1
5d86cb0e2d78f6b8e2c00fac,Rosella Dickerson,cis,teste@teste.com,backend,1
5d86cb0e1d075fb737a2af78,Patrice Heath,trans,teste@teste.com,ux,1
5d86cb0e209f8c416ecd48c0,Vickie Marshall,ni,teste@teste.com,frontend,2
5d86cb0e91ffdf28916683ec,Jeri Mason,ni,teste@teste.com,backend,1
5d86cb34a5d0c697fe3d5928,Kerry Castillo,nb,teste@teste.com,backend,3
5d86cb34ab87581d206b893d,Dickson Hester,nb,teste@teste.com,backend,2
5d86cb0e78056aa952985c3b,Kathrine Rutledge,cis,teste@teste.com,backend,1
5d86cb3470fa0f78a85fd4cf,Deanna Cherry,nb,teste@teste.com,ux,1
5d86cb34b89bd0c2c142d6ca,Serena Kelley,ni,teste@teste.com,business,3
5d86cb34cc92cb4859d594a8,Marsha Leblanc,cis,teste@teste.com,ux,2
5d86cb342b93566b9bfe3419,Stanton Oliver,cis,teste@teste.com,business,3
5d86cb34d53b93e5a3d1e27d,Coleen Wilder,nb,teste@teste.com,business,1
5d86cb34f0224fdec48fc7da,Richard Bender,trans,teste@teste.com,backend,2
5d86cb3400d170a32b0d0377,Acosta Case,trans,teste@teste.com,backend,1
5d86cb34ddc03e9cde746a40,Tisha Lynn,ni,teste@teste.com,ux,3
5d86cb344bd656f0aa8dcf6e,Warner Head,trans,teste@teste.com,frontend,2
5d86cb34ba31e96ee42d644a,Doyle Blair,cis,teste@teste.com,ux,1
5d86cb34219feb6f000081c8,Rosario Holden,ni,teste@teste.com,business,2
5d86cb34ccdfc52eaa6bf45c,Rios Morrow,trans,teste@teste.com,business,2
5d86cb0e7f5d60fcdc1e524d,Clayton Beasley,nb,teste@teste.com,business,1
5d86cb340cfbca1a46afef76,Mcbride Dickerson,ni,teste@teste.com,backend,3
5d86cb3415ee4454be857b4e,Alicia Gomez,ni,teste@teste.com,frontend,3
5d86cb34f7bec079cd5a7184,Chapman Bell,cis,teste@teste.com,ux,3
5d86cb34d4051589bec2e588,Osborne Campos,cis,teste@teste.com,backend,3
5d86cb34c1f18c72357d6ac2,Salazar West,nb,teste@teste.com,ux,3
5d86cb3412bd63a408d6855a,Pickett Good,ni,teste@teste.com,backend,1
5d86cb344a9c14e206311894,Gena Blake,ni,teste@teste.com,business,2
5d86cb34ea57a2f7226bbc24,Candace Fox,ni,teste@teste.com,frontend,2
5d86cb34c31b2a46839064d1,Fernandez Waller,ni,teste@teste.com,frontend,2
5d86cb347b08414674d02dba,Mable Holt,cis,teste@teste.com,ux,2
5d86cb34b19b71be48d58bb7,Sutton Dyer,trans,teste@teste.com,business,3
5d86cb34cafe030734806654,Marquita Mccormick,cis,teste@teste.com,business,2
5d86cb3458bd455af95ccb43,Pate Booker,ni,teste@teste.com,ux,1
5d86cb3415e99b7829270d44,Ora Frye,ni,teste@teste.com,ux,1
5d86cb0ebbf9d680fd264674,Deleon Vinson,nb,teste@teste.com,ux,2
5d86cb348e4163ddf4515956,Leanne Freeman,cis,teste@teste.com,ux,3
5d86cb3467f3f43fb6ec2af0,Rivera Winters,ni,teste@teste.com,frontend,1
5d86cb34557107a862396a70,June Hampton,nb,teste@teste.com,business,1
5d86cb34606f827c464c4ae3,Myrna Mcmillan,cis,teste@teste.com,business,3
5d86cb34e4676ed65ff5cabf,Nancy Valencia,nb,teste@teste.com,ux,1
5d86cb34485224fe49fe325a,Randi Barrett,nb,teste@teste.com,frontend,2
5d86cb3406eba98e65cf168e,Ellison Morton,ni,teste@teste.com,business,1
5d86cb340a9a5beb9053e1c3,Gomez Fulton,nb,teste@teste.com,backend,1
5d86cb34fd5cca9a37416809,Maura Jacobson,trans,teste@teste.com,ux,2
5d86cb341fdecb0728c0b07a,Dean Odom,nb,teste@teste.com,frontend,2
5d86cb34dd9219e7d9b39531,Fields Brennan,trans,teste@teste.com,backend,3
5d86cb3452d958b796511d3d,Allison Shannon,cis,teste@teste.com,business,3
5d86cb34d40f92a275efeb33,Lupe Norman,cis,teste@teste.com,ux,2
5d86cb340600652a92debc87,Andrews Conway,cis,teste@teste.com,ux,3
5d86cb346878aef3a3f35f2b,Eunice Atkins,trans,teste@teste.com,backend,1
5d86cb340b9ed6e6daa6f770,Deirdre Ferguson,nb,teste@teste.com,backend,1
5d86cb3423ef65a299da3a73,Christian Mueller,ni,teste@teste.com,frontend,2
5d86cb34a0bf6447baff69bc,Wells Merrill,cis,teste@teste.com,business,1
5d86cb341433a9cfd393c17b,Barbra Park,ni,teste@teste.com,business,2
5d86cb34de1d6a0aaf3c293f,Tamera Malone,cis,teste@teste.com,ux,3
5d86cb346a00b6bac4b6bdf9,Leigh Knowles,cis,teste@teste.com,frontend,2
5d86cb34ebd64b54763f80b1,Thelma Rivers,ni,teste@teste.com,business,3
5d86cb34b6b23958be68d342,Kathrine Fernandez,trans,teste@teste.com,backend,2
5d86cb343386052d7c7055ef,Blanca Peters,nb,teste@teste.com,frontend,2
5d86cb344e27dcaf4d0c1f6e,Mason Luna,nb,teste@teste.com,business,3
5d86cb3459b28346f3bfc01a,Russell Parker,nb,teste@teste.com,business,2
5d86cb34189d1c3f8eb8b05b,Sadie Lindsey,trans,teste@teste.com,backend,3
5d86cb34bea23a1898786e7d,Hays Kelly,trans,teste@teste.com,frontend,3
5d86cb34121429265d7865ea,Ratliff Pacheco,cis,teste@teste.com,backend,3
5d86cb34473ac791e3c5949c,Lila Rose,ni,teste@teste.com,frontend,2
5d86cb34b09728184bd9a44f,Sherri Burt,cis,teste@teste.com,ux,2
5d86cb34067c6e509224ae76,Watkins Pena,cis,teste@teste.com,frontend,1
5d86cb3401557cd83ed2c017,Pope Higgins,nb,teste@teste.com,business,1
5d86cb34c66369a67937d708,Cabrera Allison,trans,teste@teste.com,frontend,1
5d86cb3441c87cb548bb20da,Lou Noble,nb,teste@teste.com,frontend,2
5d86cb3450c3aca976d3f8d2,Hayes Sears,nb,teste@teste.com,backend,2
5d86cb34d783aabf5bc83d6b,Decker Wheeler,trans,teste@teste.com,backend,3
5d86cb348d77f8fddb953462,Tucker Klein,ni,teste@teste.com,ux,3
5d86cb3470120c53c1e8c756,Collier Gallagher,nb,teste@teste.com,backend,3
5d86cb34c60b808f947e4baf,Stephenson Gonzalez,ni,teste@teste.com,business,2
5d86cb34362b850d837f4e48,Evangeline Bauer,cis,teste@teste.com,backend,1
5d86cb34baaa2dd58d252fba,Mcintyre Leonard,nb,teste@teste.com,ux,2
5d86cb3429ecd327ab4747a9,Leta Shelton,cis,teste@teste.com,ux,1
5d86cb3473554c0f8ac61155,Lenora Roberson,ni,teste@teste.com,business,1
5d86cb3444e20e73cd465486,Suzanne Tyson,ni,teste@teste.com,frontend,3
5d86cb347ae405291fcec56a,Cathryn Slater,cis,teste@teste.com,business,3
5d86cb34b5f7e85a3fd78021,Vera Norris,cis,teste@teste.com,business,1
5d86cb34401c61553e80fbaf,Clements Hooper,cis,teste@teste.com,frontend,2
5d86cb34e3155514b8ee3007,Tara Robbins,nb,teste@teste.com,frontend,1
5d86cb34b7dedc8ea355b6fc,Marcella Townsend,cis,teste@teste.com,business,2
5d86cb34bdf7877fad66d0c2,Leslie Wilson,nb,teste@teste.com,ux,3
5d86cb34f7608c884a61e74c,Terry Fletcher,trans,teste@teste.com,business,2
5d86cb349a01c23d7cdfdf21,Lelia Moran,trans,teste@teste.com,business,1
5d86cb34848afe4cb4bb4ca3,Smith Castro,nb,teste@teste.com,business,2
5d86cb342f427b47b35805a3,Nadia Glass,nb,teste@teste.com,ux,1
5d86cb3413c73428f177905c,Gray Molina,trans,teste@teste.com,backend,2
5d86cb342784447e2c0569e2,Lois Miles,trans,teste@teste.com,business,1
5d86cb346d5b1e82431da685,Avila Sellers,nb,teste@teste.com,business,1
5d86cb34c6aa17c9e5255064,Roxanne Rush,trans,teste@teste.com,frontend,2
5d86cb34b6489cad32a60536,Hester Cleveland,ni,teste@teste.com,backend,1
5d86cb3434d0c6dcbbc58d12,Jeanie Glenn,trans,teste@teste.com,frontend,2
5d86cb34ecfa3ca97bab8727,Harrington Calhoun,ni,teste@teste.com,frontend,2
5d86cb345f65c7ea1fe06f2a,Carroll Terry,cis,teste@teste.com,business,3
5d86cb347b902353f8ecfd67,Kenya Hatfield,cis,teste@teste.com,business,2
5d86cb349fd77750f1167cf4,Woodward Combs,ni,teste@teste.com,frontend,1
5d86cb346ca6ee56b627b5ae,Wendi Aguirre,cis,teste@teste.com,ux,1
5d86cb3474919954c9ca8dd8,Battle Miller,nb,teste@teste.com,frontend,3
5d86cb346488167880c59c44,Ryan Valdez,cis,teste@teste.com,business,1
5d86cb3439ee1f69c1a72479,Mcdonald Richard,trans,teste@teste.com,business,1
5d86cb34c6990c22ff2b7f90,Leon Gregory,nb,teste@teste.com,frontend,2
5d86cb34ea31e30d5e8ec58b,Meyers Santana,trans,teste@teste.com,business,2
5d86cb5d075d1498332cb7c6,Dolores Beard,trans,teste@teste.com,ux,2
5d86cb5da40af0445c5e9289,Mattie Strong,trans,teste@teste.com,backend,2
5d86cb5dccbc78ad7a41e99f,Yates Gay,nb,teste@teste.com,ux,2
5d86cb5d1da70828b20212ed,Henderson Griffin,ni,teste@teste.com,ux,1
5d86cb5d152a0e421f7a8d12,Maryanne Mcfadden,nb,teste@teste.com,ux,1
5d86cb5dcf6867e2cbdbe9e6,Wanda Glenn,cis,teste@teste.com,ux,1
5d86cb5d0b8f16c1bdd06ce7,Duran Munoz,trans,teste@teste.com,business,3
5d86cb5d5241e8b505a08ce3,Nichole Dominguez,cis,teste@teste.com,ux,2
5d86cb343420a915a5bdd5e6,Daphne Petty,cis,teste@teste.com,ux,3
5d86cb5dcd0bb47eeb15a75f,Gail Wolf,cis,teste@teste.com,backend,3
5d86cb5df5713b9c151fc241,Lana Lynn,cis,teste@teste.com,business,1
5d86cb5d0aaf591ac4bc1a9e,Stuart Harmon,nb,teste@teste.com,frontend,1
5d86cb5da1898c47e6d2d7d4,Ballard Joyner,nb,teste@teste.com,frontend,2
5d86cb5db58063cf65232ccc,Rae Everett,trans,teste@teste.com,business,2
5d86cb5dffdcc10bb1db0ad2,Cannon Parrish,ni,teste@teste.com,ux,1
5d86cb5d32318a16ed29cf5e,Jaclyn Thompson,cis,teste@teste.com,backend,2
5d86cb5d8b2781ed31d1e85c,Hanson Mann,nb,teste@teste.com,business,2
5d86cb5dfb43e5b4f52eae50,Dixie Frost,ni,teste@teste.com,business,2
5d86cb5d11837e9d03de7c03,Karyn Hinton,nb,teste@teste.com,backend,3
5d86cb5df128696b903bf810,Willis Ruiz,nb,teste@teste.com,ux,2
5d86cb5de9d3fe60c37e537e,Daphne Gutierrez,trans,teste@teste.com,backend,2
5d86cb5df5c2d7fd548f4b8d,Kennedy Hendrix,cis,teste@teste.com,business,3
5d86cb5d33237401e2f9def7,Chandler Beach,nb,teste@teste.com,backend,2
5d86cb5da2db39ffb20d51d2,Gabrielle Fleming,trans,teste@teste.com,frontend,3
5d86cb5d1d748860f97cb43e,Cabrera Gates,nb,teste@teste.com,business,3
5d86cb5d37f7fcea219df4b5,Roy Barber,cis,teste@teste.com,business,3
5d86cb5d51da707579e38970,Eileen Floyd,trans,teste@teste.com,business,3
5d86cb5d489707681c922b66,Rocha Bowen,ni,teste@teste.com,frontend,3
5d86cb5d9ceb516adace964a,Jennifer Kline,ni,teste@teste.com,frontend,3
5d86cb5dbda341f0e0d27956,Raymond Guerrero,nb,teste@teste.com,ux,3
5d86cb5df282c42bfdd04385,Vincent Albert,ni,teste@teste.com,backend,2
5d86cb5d5bd2a5237ad1871a,Kristy Potter,cis,teste@teste.com,business,3
5d86cb5d6e12863e005ad568,Marcie Good,nb,teste@teste.com,business,2
5d86cb5d1a9144e42e6cd536,Kelly James,ni,teste@teste.com,frontend,2
5d86cb5df598e6b2c8c19eb6,Davis Hobbs,ni,teste@teste.com,business,3
5d86cb5d547b8264a7a21e02,Lowe Hartman,cis,teste@teste.com,ux,2
5d86cb5d3fc67a161f290d7f,Blanche Cole,cis,teste@teste.com,ux,1
5d86cb5d6d9974a5426d8be3,Joanna Holcomb,ni,teste@teste.com,frontend,1
5d86cb5dffe0ebba1fffc5ec,Carla Anderson,ni,teste@teste.com,frontend,2
5d86cb5d24d268976068e9a4,Bass Lopez,nb,teste@teste.com,ux,1
5d86cb5d8f9beec7a1e038c6,Gwen Rowland,cis,teste@teste.com,ux,2
5d86cb5d2e98d2aeafb2254e,Guerra Herrera,trans,teste@teste.com,ux,2
5d86cb5d4c3c07d231d5587b,Sweet Underwood,ni,teste@teste.com,backend,3
5d86cb5dac8cdb283fa21b00,Bishop Mccarty,cis,teste@teste.com,frontend,2
5d86cb5df1790d2b7c958acb,Latasha Johnson,nb,teste@teste.com,ux,1
5d86cb5deb1e24fb4d09a0a0,Angie Cabrera,cis,teste@teste.com,ux,1
5d86cb5df818ed31568f9a1a,Sonia Blanchard,trans,teste@teste.com,backend,1
5d86cb5db3b1ea293dc888f7,Cameron Freeman,cis,teste@teste.com,frontend,3
5d86cb5d9533780a107b2a9a,Eunice Soto,trans,teste@teste.com,business,3
5d86cb5d2dad057e5f29251b,Lang Kemp,nb,teste@teste.com,backend,1
5d86cb5dbc2a00c1e75a29c8,Suzanne Gallagher,nb,teste@teste.com,frontend,1
5d86cb5d7a124a5a8330b463,Meredith Foley,nb,teste@teste.com,frontend,2
5d86cb5d3383846f12fb965f,Clemons Chavez,trans,teste@teste.com,frontend,2
5d86cb5d10ab12c1aa574bc7,Elliott Calhoun,nb,teste@teste.com,business,1
5d86cb5d32f65f66fd0d7379,Larsen Compton,trans,teste@teste.com,ux,1
5d86cb5d488584c441c7dec3,Joanne Knox,nb,teste@teste.com,ux,1
5d86cb5d6911b45f667eca16,Porter Diaz,ni,teste@teste.com,frontend,1
5d86cb5dcbcece7b27f9cb06,Lyons Pena,trans,teste@teste.com,backend,1
5d86cb5ddcd96482d8818c24,Cynthia Noble,trans,teste@teste.com,ux,3
5d86cb5de015b1b6af72ec2b,Wood May,nb,teste@teste.com,backend,3
5d86cb5d92eb19617d0f784f,Marci Hodges,ni,teste@teste.com,backend,2
5d86cb5db168e925b4332ad2,Houston Hanson,trans,teste@teste.com,frontend,2
5d86cb5d861111b91e2feee5,Mcfarland Craft,nb,teste@teste.com,ux,1
5d86cb5d870437454ac08a57,Salazar Walker,ni,teste@teste.com,backend,1
5d86cb5d6de33f41bc4582e9,Samantha Oconnor,nb,teste@teste.com,business,1
5d86cb5d955bfc571ce92232,Della Figueroa,trans,teste@teste.com,ux,1
5d86cb5d68f4a101063d433f,Roberta Burch,ni,teste@teste.com,frontend,3
5d86cb5db7645ec2c175d104,Jayne Stark,ni,teste@teste.com,ux,2
5d86cb5dcedc1cd4064f227e,Cobb Leach,ni,teste@teste.com,ux,1
5d86cb5d991d3206b6ea884b,Palmer Mccarthy,ni,teste@teste.com,business,2
5d86cb5d05226ad9278e6f05,Liliana Wooten,trans,teste@teste.com,backend,2
5d86cb5d3c6f6568305d2fc9,Ellis Henderson,nb,teste@teste.com,business,3
5d86cb5d969b5c92d5b059cf,Jasmine Massey,trans,teste@teste.com,business,2
5d86cb5d7c406ff085197ef2,Cline Webb,trans,teste@teste.com,backend,2
5d86cb5d5a3a74f16ea64c71,Talley Malone,cis,teste@teste.com,business,3
5d86cb5d6a99fb96185afb9d,Cote Medina,ni,teste@teste.com,frontend,2
5d86cb5d8bb58bc37c6f26e2,Hardin Petersen,trans,teste@teste.com,business,3
5d86cb5dc6a90b64e7e53e1a,Griffith Olson,trans,teste@teste.com,backend,1
5d86cb5d96ac4014db578f70,Manning Sykes,cis,teste@teste.com,ux,2
5d86cb5d28af4391584cf424,Mona Castillo,ni,teste@teste.com,frontend,3
5d86cb5d3efe5a04f0aad1ab,Stella Callahan,nb,teste@teste.com,backend,1
5d86cb5d761d8298fe9d7884,Allen Byrd,cis,teste@teste.com,business,1
5d86cb5d2ff640a973a82e5a,Noelle Hamilton,cis,teste@teste.com,backend,3
5d86cb5decc2c6c61196391f,Nancy Schneider,cis,teste@teste.com,ux,3
5d86cb5d0048d27c0441359c,Lara Weeks,nb,teste@teste.com,business,2
5d86cb5d39c682ee479c0c13,Shields Calderon,cis,teste@teste.com,backend,1
5d86cb5d1b2fa19a565299f3,Lambert Cross,cis,teste@teste.com,frontend,1
5d86cb5d0d5857a8e604ffa7,Delacruz Mccoy,trans,teste@teste.com,backend,1
5d86cb5d51846ebacacb3a04,Dennis Blevins,ni,teste@teste.com,business,2
5d86cb5d12c6011249afd56f,Earline Clemons,trans,teste@teste.com,business,1
5d86cb5db77a99074c917498,Austin Elliott,ni,teste@teste.com,business,1
5d86cb5ddac47d1e235f6fe0,Amalia Young,trans,teste@teste.com,ux,2
5d86cb5d6f15cdb032a7b1a3,Karin Harper,nb,teste@teste.com,backend,3
5d86cb5d6a746dbec1b54c7d,Kendra Roth,trans,teste@teste.com,ux,2
5d86cb5d0a34b4b143a551d6,Mccullough Keller,cis,teste@teste.com,ux,1
5d86cb5d581bd1fcb39e5f14,Patterson Brady,cis,teste@teste.com,backend,2
5d86cb5deb8545ae2c48e7e7,Savage Myers,ni,teste@teste.com,backend,1
5d86cb5da5dd35819bd54cb9,Connie Houston,trans,teste@teste.com,backend,3
5d86cb5df3fbc997e847b509,Barnes Faulkner,cis,teste@teste.com,ux,3
5d86cb5d3f3cfb9c133b6d16,Olivia Dunn,nb,teste@teste.com,frontend,3
5d86cb5d2ca78a71b74e7df4,Maria Walls,cis,teste@teste.com,ux,3
5d86cb7e01aa7c1a85f34e6e,Phoebe Adkins,ni,teste@teste.com,backend,2
5d86cb7e13f7331c5fab438e,Valarie Beard,trans,teste@teste.com,frontend,3
5d86cb7e35564eeb00dbaaf4,Isabel Randolph,trans,teste@teste.com,backend,3
5d86cb7edabbe5cf4176e98e,Louella Gallegos,nb,teste@teste.com,frontend,3
5d86cb7ea7024947c2185969,Beryl Benjamin,trans,teste@teste.com,ux,2
5d86cb7e7a46f189b05f97d5,Hannah Goodman,ni,teste@teste.com,business,2
5d86cb7e1e9eca463dcf5521,Bertie Vazquez,ni,teste@teste.com,backend,3
5d86cb7ef3c0667473e2e43d,Conley Bird,cis,teste@teste.com,business,2
5d86cb7e19c254e9a47c9719,Page Weber,nb,teste@teste.com,business,2
5d86cb7e116c2770909123f3,Ida Coffey,trans,teste@teste.com,frontend,2
5d86cb7e3356d1cdb877ddfb,Lillian Melton,cis,teste@teste.com,frontend,3
5d86cb7ee66315245246183f,Mccall Hardin,ni,teste@teste.com,frontend,2
5d86cb7ea1b03e69e654f43a,Valeria Stevens,nb,teste@teste.com,backend,2
5d86cb7ebe49826c30982bff,Hull Scott,ni,teste@teste.com,backend,3
5d86cb7e750fc71d0dde747d,Lynne Cameron,trans,teste@teste.com,ux,1
5d86cb7e18f78d1540cc25ad,Whitfield Glover,cis,teste@teste.com,ux,3
5d86cb7e6d50472aceb1d66a,Debbie Gillespie,ni,teste@teste.com,business,2
5d86cb7e7b13576e197b7a02,Craig Hammond,ni,teste@teste.com,ux,2
5d86cb7e47faaa4df4168b19,Diann Holman,ni,teste@teste.com,business,2
5d86cb7e8f280f7bcf3d4df8,Erma Hancock,cis,teste@teste.com,business,3
5d86cb7e717d858d019d31ae,Patton Conrad,ni,teste@teste.com,ux,2
5d86cb7eef208c166c6b38e9,Serena Armstrong,cis,teste@teste.com,frontend,1
5d86cb7ebbdaac39bd1347cd,Rowe Briggs,trans,teste@teste.com,business,2
5d86cb7e021244a56741afe7,Manuela Nicholson,ni,teste@teste.com,backend,1
5d86cb7e96b25458b5424a27,Marks Bailey,trans,teste@teste.com,frontend,1
5d86cb7e11553d330fe448c6,Cassie Wells,cis,teste@teste.com,business,2
5d86cb7eaddadf01b0e0a712,Linda Craig,ni,teste@teste.com,backend,2
5d86cb7ef7aa36f5441e1613,Alyson Mays,trans,teste@teste.com,business,1
5d86cb7ebcee87c50dc82f49,Kerry Daugherty,trans,teste@teste.com,frontend,3
5d86cb7e2a4a68b831dfd5be,Dana Shannon,trans,teste@teste.com,ux,3
5d86cb7e9fc73d2579ca6530,Rhea Snow,ni,teste@teste.com,frontend,3
5d86cb7ea1eb2157144ad475,Kristine Mcknight,cis,teste@teste.com,business,3
5d86cb7ea18eb79fe0c75430,Becky Velazquez,trans,teste@teste.com,business,2
5d86cb7e030bbc3cec13355c,Noelle Campbell,cis,teste@teste.com,ux,2
5d86cb7ec2598db8dde149e1,Stacie Fischer,cis,teste@teste.com,frontend,2
5d86cb7e7cf45223cb534e2b,Flynn Burt,cis,teste@teste.com,frontend,3
5d86cb7e661e7d659a3046ff,Dawn Bennett,nb,teste@teste.com,business,3
5d86cb7efded60ac4b9cf1af,Franks Walter,nb,teste@teste.com,business,2
5d86cb7ea03700d586bb1c0a,Floyd Mccray,trans,teste@teste.com,ux,2
5d86cb7e54ce1ff50e1d5d86,Tabatha Wooten,trans,teste@teste.com,business,1
5d86cb7ea5a7ff6e052edfa6,Latonya Hart,nb,teste@teste.com,ux,3
5d86cb7efa336a002341e41d,Antonia Conner,trans,teste@teste.com,backend,3
5d86cb7e659e894e5151609d,Kasey Holcomb,nb,teste@teste.com,frontend,1
5d86cb7eb526ebd656eef688,Randall Joseph,cis,teste@teste.com,business,1
5d86cb7ed1d8914c43cbe2dc,Summers Keller,nb,teste@teste.com,frontend,2
5d86cb7eed389aca7f33c5df,Farley Emerson,ni,teste@teste.com,business,1
5d86cb7e154042d673401f48,Berry Bowman,ni,teste@teste.com,business,3
5d86cb7e0710026f641e7951,Rena Holland,trans,teste@teste.com,backend,3
5d86cb7e4bd813d02a052cd6,Kristina Levine,nb,teste@teste.com,backend,1
5d86cb7eb1bb121550e53fbf,Priscilla Ferguson,cis,teste@teste.com,ux,1
5d86cb7eb033c47ca86b9ff3,Robbins Miles,ni,teste@teste.com,backend,1
5d86cb7e53273f5a28874efb,Ochoa Edwards,trans,teste@teste.com,ux,2
5d86cb7ec983aefad357dbbd,Hicks Petty,ni,teste@teste.com,ux,2
5d86cb7e64d888bdfb2501d1,Marsha Pate,ni,teste@teste.com,business,1
5d86cb7e87e0c66c7a95cfd0,Mcknight Neal,trans,teste@teste.com,business,1
5d86cb7e8ab643db332d3f05,Madge Andrews,ni,teste@teste.com,ux,3
5d86cb7eab24b00836e1eb89,Bridgett Young,ni,teste@teste.com,backend,1
5d86cb7ed0b0ad723f37c3a0,Jennifer Murray,ni,teste@teste.com,frontend,1
5d86cb7e575fa8649fee7cda,Cobb Duffy,cis,teste@teste.com,frontend,2
5d86cb7e463945acd5e05ab5,Joy Branch,cis,teste@teste.com,business,3
5d86cb7e95656cfcc675bd62,Alisha Harris,ni,teste@teste.com,backend,1
5d86cb7e5ec2b41c3e9df988,Roman Cervantes,ni,teste@teste.com,frontend,3
5d86cb7e247c57703f5051e6,Salazar Dawson,nb,teste@teste.com,backend,2
5d86cb7e567cee6c63fbf5fe,Susie Lucas,nb,teste@teste.com,frontend,2
5d86cb7e589f45d2ac2fb5cb,Cathy Salinas,cis,teste@teste.com,ux,1
5d86cb7e8f7b58cebe71b16d,Jean Baird,ni,teste@teste.com,ux,2
5d86cb7e1d298c79a00dea1f,Maria Barry,trans,teste@teste.com,frontend,1
5d86cb7e269aeeb8226935ad,Short Farrell,trans,teste@teste.com,frontend,1
5d86cb7e053df644130376aa,Chavez Oliver,ni,teste@teste.com,backend,3
5d86cb7e752123d76faacc9a,Valentine Kerr,nb,teste@teste.com,ux,3
5d86cb7e2b19b9a31d0e1f94,Brenda Chandler,trans,teste@teste.com,backend,3
5d86cb7e314c376457b411c6,Jaclyn Pickett,cis,teste@teste.com,ux,1
5d86cb7e13f11d852b934640,Hope Reese,trans,teste@teste.com,backend,3
5d86cb7e0b360c7a2820632c,Horne Rosa,nb,teste@teste.com,business,1
5d86cb7e774f37dd18865769,Knox Mccarthy,nb,teste@teste.com,frontend,2
5d86cb7e714cc78838e0d92f,Letitia Valentine,nb,teste@teste.com,frontend,3
5d86cb7e2b31c8a16d5ad0e4,Alyce Mathis,trans,teste@teste.com,ux,2
5d86cb7eb974fe10a7e13540,Fernandez Garner,cis,teste@teste.com,business,3
5d86cb7e1016ee25e7ca7f63,Patti Hodge,cis,teste@teste.com,frontend,1
5d86cb7e99fdbe35270411ba,Miller Le,ni,teste@teste.com,backend,3
5d86cb7eb4c6082b68b73f8d,Blanche Turner,trans,teste@teste.com,frontend,2
5d86cb7edca8b62bd45085da,Melton Mcgee,ni,teste@teste.com,ux,1
5d86cb7e4198bcfcdbe1831c,Carolina Richmond,trans,teste@teste.com,frontend,2
5d86cb7eb87ca5f22bc4a942,Nikki Mcbride,ni,teste@teste.com,ux,3
5d86cb7e76909b6135c391a2,Stein Dyer,nb,teste@teste.com,frontend,2
5d86cb7ef6258b9ed414e5cb,Guerra Boone,nb,teste@teste.com,business,1
5d86cb7ee14f7c6137ecc45c,Lindsay Savage,trans,teste@teste.com,frontend,3
5d86cb7ede35f750769a578b,Willis Frederick,nb,teste@teste.com,backend,3
5d86cb7e2c65ca009f4012a2,Estela Mullins,trans,teste@teste.com,business,3
5d86cb7e3d26813ecfbde5a3,Sonja Carter,cis,teste@teste.com,ux,1
5d86cb7e8d7acb8980ff5588,Carol Johnson,ni,teste@teste.com,frontend,3
5d86cb7e06f4e0edbda8f722,Aurelia Reilly,trans,teste@teste.com,ux,3
5d86cb7e06e3b6ccc47e1fb0,Lora Cantrell,nb,teste@teste.com,frontend,2
5d86cb7e30710b2579d4dd9c,Twila Calhoun,trans,teste@teste.com,business,3
5d86cb7e5cc8ed4e039b632d,Pat French,cis,teste@teste.com,backend,3
5d86cb7eafa4d9f3c7e74325,Angeline West,ni,teste@teste.com,backend,1
5d86cb7eefbc8228694bcb95,Melanie Mack,cis,teste@teste.com,backend,2
5d86cb7ed91f9b6f0a07ffa4,Middleton Williams,trans,teste@teste.com,backend,3
5d86cb7eeaec0ec265fa70d8,Peck Simon,nb,teste@teste.com,business,3
5d86cba12040abccd13305ad,Cortez Knapp,trans,teste@teste.com,backend,3
5d86cba131610064c68f0dcc,Carver Langley,cis,teste@teste.com,backend,2
5d86cba1afa7f464b11738e8,Madge Avery,trans,teste@teste.com,backend,3
5d86cb7ef9a22a0649b6b27e,Mack Frye,ni,teste@teste.com,business,1
5d86cba173bd633bb57dfdd9,Estela Gilliam,trans,teste@teste.com,ux,3
5d86cba1b091a8149d18b61b,Guzman Sullivan,cis,teste@teste.com,business,3
5d86cba192576dccc18940be,Chapman Stevenson,cis,teste@teste.com,backend,3
5d86cba1c9f6874671049b29,Ball Rice,cis,teste@teste.com,business,1
5d86cba169f0d6382bdd186a,Coleen David,ni,teste@teste.com,frontend,2
5d86cba1ea47796a70f3f7c9,Deanna Arnold,trans,teste@teste.com,ux,3
5d86cba1af120f514320d6b9,Fry Mcgee,cis,teste@teste.com,backend,1
5d86cba1189c5b38ef1efb71,Randi Kane,cis,teste@teste.com,backend,1
5d86cba17653a6bf538a831c,Dianne Curtis,nb,teste@teste.com,business,3
5d86cba1d106b31a60013689,Wall Herman,ni,teste@teste.com,frontend,2
5d86cba19b3079309d8b1a04,Rivers Saunders,trans,teste@teste.com,backend,1
5d86cba1fbb4ae03d896c355,Vicky Decker,cis,teste@teste.com,business,1
5d86cba1c27792bf93c8d881,Benton Williams,cis,teste@teste.com,backend,3
5d86cba12bc5f2c78fbc079d,Cox William,ni,teste@teste.com,ux,1
5d86cba178695b6d78a006e4,Virgie Sykes,trans,teste@teste.com,frontend,2
5d86cba1cd5a0497b3694cf9,Tommie Flowers,nb,teste@teste.com,backend,1
5d86cba12d3da88cdff3b69e,Danielle Barber,ni,teste@teste.com,ux,1
5d86cba1d92edfbdb1b0c642,Lucile Travis,cis,teste@teste.com,ux,3
5d86cba1f03bd20da96f9383,Massey Larson,ni,teste@teste.com,frontend,3
5d86cba1bdd33bb017246ab6,Hudson Spence,trans,teste@teste.com,ux,1
5d86cba15d8fa968b6755ea4,Ray Goodman,cis,teste@teste.com,ux,2
5d86cba1d48d9c0ed8a9429b,Penny Farley,cis,teste@teste.com,ux,1
5d86cba16d7a34334422f02a,Morgan Whitfield,cis,teste@teste.com,frontend,2
5d86cba1a023b51d81f5e975,Haley Harding,nb,teste@teste.com,ux,3
5d86cba105fd18ac7b7f0756,Avery Waller,nb,teste@teste.com,business,3
5d86cba10c4191b9d09d8ec4,Gena Hogan,trans,teste@teste.com,backend,2
5d86cba18f006e788bd9fba6,Adeline Espinoza,trans,teste@teste.com,backend,1
5d86cba158c3b964d51004c8,Keller Wallace,trans,teste@teste.com,business,2
5d86cba17d0d41c4b8d44ebb,Ewing Hobbs,nb,teste@teste.com,frontend,1
5d86cba1d0a4c05d8b943766,Griffin Hoover,ni,teste@teste.com,business,1
5d86cba1077f7b6c213a7e71,Randall James,trans,teste@teste.com,ux,3
5d86cba199c4ed0a61539388,Vega Meyers,cis,teste@teste.com,ux,2
5d86cba1632b9002ec892f95,Head Huff,ni,teste@teste.com,business,2
5d86cba17d931b421d1ad73a,Elise Buchanan,cis,teste@teste.com,frontend,1
5d86cba1b8c0217fcf0a875d,Miller Benson,nb,teste@teste.com,frontend,2
5d86cba1a72351828a7a5111,Sharon Roy,trans,teste@teste.com,backend,1
5d86cba1c9d41e3822007894,Callahan Rivers,trans,teste@teste.com,ux,3
5d86cba128af40d1a4421ff6,Cantrell Harrell,nb,teste@teste.com,backend,2
5d86cba1e6fedbd7a90f7a92,Mitchell Barton,cis,teste@teste.com,frontend,2
5d86cba127b764cc5927d4e6,Marta Hardy,nb,teste@teste.com,frontend,1
5d86cba1716d1f55a9872be5,Karin Scott,nb,teste@teste.com,backend,2
5d86cba1ebe621cf01c7c00d,Heather Morrison,cis,teste@teste.com,business,1
5d86cba101f503bdc92baa9f,Nadine Harmon,nb,teste@teste.com,frontend,2
5d86cba11612bd67d59a9206,Crawford Mooney,cis,teste@teste.com,business,1
5d86cba19a3832289f1071ff,Gabriela Floyd,trans,teste@teste.com,backend,1
5d86cba1c353603a4f7863bd,Dale Rich,trans,teste@teste.com,frontend,1
5d86cba1a2f0f8913d2cde84,Holland Browning,cis,teste@teste.com,frontend,1
5d86cba1df1e5c423cba962a,Jacqueline Casey,nb,teste@teste.com,ux,3
5d86cba176a0590d43c1d88b,Rosales Bell,cis,teste@teste.com,backend,1
5d86cba1b7700bebb4a98722,Pearl Oneil,trans,teste@teste.com,backend,3
5d86cba16606c93079b29fb8,Sonja Hanson,ni,teste@teste.com,ux,2
5d86cba10bbb9bab93309d4d,Vazquez Conrad,cis,teste@teste.com,business,2
5d86cba1ac9717c8abade7be,Rasmussen Whitney,cis,teste@teste.com,business,1
5d86cba1b21afb55b3ab81d4,Underwood Mccarty,cis,teste@teste.com,ux,3
5d86cba1ddaa24065b1dc0b2,Gray Nichols,ni,teste@teste.com,frontend,2
5d86cba107e49a98f2bd71f7,Karla Wong,cis,teste@teste.com,business,3
5d86cba195a86e5eda2c1e1e,Mack Rivera,cis,teste@teste.com,business,1
5d86cba15831bcac5b736b2d,Marcella Petersen,ni,teste@teste.com,frontend,2
5d86cba1ff88c2fe0d9d60a4,Shelley Winters,cis,teste@teste.com,frontend,1
5d86cba1fe7390fa21752eb9,Holcomb Campbell,nb,teste@teste.com,ux,3
5d86cba18dde5e9785357e38,Rhea Miller,nb,teste@teste.com,business,2
5d86cba163f1ee46c4eb032b,Rice Nunez,trans,teste@teste.com,business,1
5d86cba1fc24e3d75e952ea2,Gina Fuller,nb,teste@teste.com,ux,1
5d86cba16e9921c30c270b2e,Little Cox,ni,teste@teste.com,frontend,1
5d86cba1c5bf332a45f82e09,Strong Combs,trans,teste@teste.com,frontend,2
5d86cba195c177136d34252d,Parsons Willis,ni,teste@teste.com,business,2
5d86cba1ade0ade63db1f34b,Hayden York,trans,teste@teste.com,business,1
5d86cba18625378eee2c1407,Payne Garner,cis,teste@teste.com,ux,1
5d86cba1bf785f81435abba2,Deborah Gould,nb,teste@teste.com,backend,3
5d86cba1bd73cf6204392e6f,Joyce Booth,ni,teste@teste.com,backend,2
5d86cba18c521a4eaac4c594,Kristi Salinas,nb,teste@teste.com,frontend,2
5d86cba18bf9f3d15b6ef5ce,Harrison Hensley,ni,teste@teste.com,ux,2
5d86cba1105d347298eb86c3,Estella Odonnell,ni,teste@teste.com,business,1
5d86cba105baa6e7466b7c80,Beasley Stephens,cis,teste@teste.com,business,2
5d86cba1fac8abe4394835a1,Garza Romero,trans,teste@teste.com,backend,1
5d86cba122fe659682e16ca3,Edna Rios,nb,teste@teste.com,frontend,3
5d86cba19a5729166beea197,Cornelia Buckner,nb,teste@teste.com,backend,1
5d86cba1a2aef134b7e1405a,Larson Reynolds,cis,teste@teste.com,frontend,2
5d86cba16ef9cc3528aa1dba,Simon Nixon,nb,teste@teste.com,business,1
5d86cba109b685c35f93c5dd,Gwendolyn Fleming,ni,teste@teste.com,ux,1
5d86cba1cff7603c59c516a3,Priscilla Sweeney,cis,teste@teste.com,backend,3
5d86cba15ec202ee4ccf7d9d,Betsy Mendoza,ni,teste@teste.com,frontend,3
5d86cba12f496bad30865f6d,Mcpherson Love,nb,teste@teste.com,backend,1
5d86cba15d2c8e66fef9e1e0,Tamra Poole,trans,teste@teste.com,ux,1
5d86cba180eae9c10e00e0d3,Adrian Huber,trans,teste@teste.com,frontend,1
5d86cba1797c51c394403bdc,Caldwell Lester,cis,teste@teste.com,ux,2
5d86cba19659500b796468d4,Hardin Tucker,trans,teste@teste.com,ux,1
5d86cba1b37d358f6cbf245a,Watson Rocha,trans,teste@teste.com,ux,2
5d86cba1f0a924c0c4ebb893,Jami Duncan,ni,teste@teste.com,business,1
5d86cba113804322a393d6a1,Angeline Sherman,trans,teste@teste.com,ux,3
5d86cba1612e6fef90209e8a,Tessa Zamora,ni,teste@teste.com,frontend,3
5d86cba16d712b30d605671c,Stephenson Baker,ni,teste@teste.com,frontend,3
5d86cba1c5ab062c5166dd49,Inez Richards,nb,teste@teste.com,frontend,3
5d86cba1484f9ac1885f75d5,Berg Christensen,cis,teste@teste.com,frontend,3
5d86cba1da5dfa1ecb81bdcc,Weeks Wise,nb,teste@teste.com,business,1
5d86cba15caaa61bc4247694,Hamilton Conway,trans,teste@teste.com,frontend,1
5d86cbd7a6e83725731fb3ef,Morgan Obrien,ni,teste@teste.com,backend,1
5d86cbd7ac8de3c30a4dcfcc,Edwina Cash,trans,teste@teste.com,ux,3
5d86cbd74bfa9579f23a41de,Reba Ramos,trans,teste@teste.com,frontend,3
5d86cbd7cb8ab759301f7e98,Mollie Hubbard,trans,teste@teste.com,business,3
5d86cba1fc054e6e21677dd4,Summer Calderon,nb,teste@teste.com,frontend,1
5d86cbd72d7c9b46cf6a1196,Josephine Vargas,cis,teste@teste.com,backend,1
5d86cbd770b362f1449cf0d7,Ava Goff,trans,teste@teste.com,business,2
5d86cbd7a7dfd4473d9ab51a,Tammy Holder,nb,teste@teste.com,frontend,2
5d86cbd795be2a0d14d0dd1a,Karla Koch,cis,teste@teste.com,backend,1
5d86cbd72b4699a7b294172e,Gray Morris,trans,teste@teste.com,backend,3
5d86cbd79f4b1e5dd390aaad,Marsha Guzman,cis,teste@teste.com,frontend,2
5d86cbd79bc0175935336a6c,Judy Ryan,nb,teste@teste.com,business,2
5d86cbd719d6892837aa67c7,Rich Ray,cis,teste@teste.com,business,3
5d86cbd7c47d9366dba2fc48,Duncan Hogan,cis,teste@teste.com,business,3
5d86cbd74db36203a9ba8122,Josefina Hull,cis,teste@teste.com,frontend,2
5d86cbd7b6d433b726696e0c,Lea Callahan,ni,teste@teste.com,ux,3
5d86cbd74f4204aaf19df20c,Marissa Dodson,nb,teste@teste.com,backend,3
5d86cbd7c42ce6d4f2d074da,Weiss Salinas,ni,teste@teste.com,frontend,3
5d86cbd70d59fd72263a865e,Angel Marshall,cis,teste@teste.com,ux,2
5d86cbd779499f1b00f401d9,Dale Hurst,trans,teste@teste.com,backend,2
5d86cbd7be8b8329951581ff,Nieves Coleman,ni,teste@teste.com,backend,1
5d86cbd74eb2872bd8b6e72f,Bianca Cote,cis,teste@teste.com,ux,1
5d86cbd72835fcc17447a7a5,Noel Odonnell,nb,teste@teste.com,ux,3
5d86cbd7054df39a9c1e43d4,Penelope Kent,ni,teste@teste.com,ux,2
5d86cbd77241165b9d8e71de,Lilly Cooper,trans,teste@teste.com,backend,1
5d86cbd7ac9fd6620d6cefc1,Foster Aguirre,ni,teste@teste.com,backend,3
5d86cbd7f1254d1bce51f7bf,Savannah Holman,cis,teste@teste.com,backend,3
5d86cbd7b8ca00f86eb2e261,Hughes Bishop,cis,teste@teste.com,frontend,1
5d86cbd796ae45745ce80c7c,Fowler Mitchell,ni,teste@teste.com,frontend,2
5d86cbd77249ecf8c8e7cac9,Carson Kinney,ni,teste@teste.com,ux,2
5d86cbd7d8143d52158c60c8,Benita Carson,trans,teste@teste.com,business,3
5d86cbd78155a1503c40c190,Mercado Wells,cis,teste@teste.com,backend,3
5d86cbd7719a5f467b3337bb,Nicholson Flores,nb,teste@teste.com,ux,1
5d86cbd7bbacc04e74e251b3,Loraine Garza,ni,teste@teste.com,ux,2
5d86cbd760edaab5dbd17cfa,Ball Brady,cis,teste@teste.com,backend,2
5d86cbd718dd167fb564d1a4,Kent Mcdaniel,nb,teste@teste.com,backend,1
5d86cbd76d3911287b5b3b15,Floyd Hardy,cis,teste@teste.com,business,2
5d86cbd7983da7ab3cc39f97,Lori Lynn,trans,teste@teste.com,frontend,3
5d86cbd70ba7b470004302be,Jeanette Ballard,trans,teste@teste.com,ux,2
5d86cbd7a59976613ca2e3cd,Shelton Huff,ni,teste@teste.com,backend,3
5d86cbd7771f0eeac2d49115,Dean Stafford,ni,teste@teste.com,frontend,2
5d86cbd7c5e715b74fe1e0b0,Bernadette Richard,trans,teste@teste.com,business,2
5d86cbd74d8e977b11353d47,Clemons Larson,nb,teste@teste.com,frontend,3
5d86cbd70da1c45b4f0d7243,Hendricks Alexander,cis,teste@teste.com,business,2
5d86cbd7470b288ebfbb9847,Maryellen Avery,ni,teste@teste.com,frontend,3
5d86cbd75ac0118dccc052bc,Iva Burch,trans,teste@teste.com,ux,1
5d86cbd70a299332fdacd670,Cervantes Bolton,trans,teste@teste.com,business,2
5d86cbd7c63cbb19ec7d1aec,Gena Mayo,ni,teste@teste.com,business,2
5d86cbd7a521f4b4d9024f22,Mindy Good,ni,teste@teste.com,backend,2
5d86cbd723825653c3740db2,Chaney Singleton,trans,teste@teste.com,ux,2
5d86cbd7a4cbf6e917783033,Isabella Vang,cis,teste@teste.com,backend,1
5d86cbd707ca1420a5410fec,Ladonna Carr,trans,teste@teste.com,business,2
5d86cbd756c3c663d992ddfc,Bowen Erickson,trans,teste@teste.com,frontend,3
5d86cbd7b364926bd274f7ab,Earline Brock,cis,teste@teste.com,business,1
5d86cbd77db6049f87c95033,Carver Sweeney,trans,teste@teste.com,backend,3
5d86cbd7a3d8810130035a76,Katina Ashley,ni,teste@teste.com,business,2
5d86cbd7007ce5438f286093,Katy Oneal,trans,teste@teste.com,frontend,2
5d86cbd719b90cdb62151e45,Stevens Edwards,trans,teste@teste.com,ux,3
5d86cbd7bf1d4982bf125da7,Beverley Padilla,trans,teste@teste.com,backend,2
5d86cbd7581460de1a6423b9,Tonya Horton,trans,teste@teste.com,backend,1
5d86cbd7af1d98b395db0eef,Veronica Marks,ni,teste@teste.com,frontend,1
5d86cbd7fb18ffe1a90bc7ca,Sherman Dixon,nb,teste@teste.com,ux,2
5d86cbd7541e06397746f41c,Terry Boone,trans,teste@teste.com,backend,1
5d86cbd72780553cf57bde07,Leta Sykes,trans,teste@teste.com,ux,2
5d86cbd702bda82ad0de35c2,Guthrie Hays,nb,teste@teste.com,backend,1
5d86cbd7667776e7c21847dc,Felicia Ferguson,ni,teste@teste.com,ux,2
5d86cbd7180fe4703f8c39ea,Vera Gomez,nb,teste@teste.com,backend,1
5d86cbd7d1ab7118086820bc,Lindsay Nixon,nb,teste@teste.com,frontend,3
5d86cbd7f170efcfbbedfe5e,Kelley Bond,trans,teste@teste.com,backend,1
5d86cbd75b199a359e53bf28,Paulette Rivas,nb,teste@teste.com,ux,2
5d86cbd7df2c06c3f19b13bb,Colon Moss,nb,teste@teste.com,backend,3
5d86cbd71708103415268ff7,Kinney Osborn,trans,teste@teste.com,business,1
5d86cbd701be3d655a14e4b7,Mari Dillon,ni,teste@teste.com,frontend,3
5d86cbd7ccd57dc05a09aaa2,Boone Grant,trans,teste@teste.com,frontend,3
5d86cbd7ebd674d47cdb7b11,Davidson Meyers,nb,teste@teste.com,business,3
5d86cbd7af347b38b782fc8c,Carolina Hood,ni,teste@teste.com,frontend,1
5d86cbd79ed6865f2c610fb0,Celia Zimmerman,cis,teste@teste.com,frontend,1
5d86cbd7b41e77937c60ec8f,Rosemary Mclaughlin,nb,teste@teste.com,backend,1
5d86cbd798ffdc03bf19c52d,Debora Boyer,nb,teste@teste.com,business,2
5d86cbd72a06fe90889871c7,Becker Oneil,nb,teste@teste.com,frontend,3
5d86cbd78e5de583ef7fcc92,Copeland Jimenez,trans,teste@teste.com,frontend,2
5d86cbd78dfb5e5d40533f98,Elnora Cameron,ni,teste@teste.com,business,2
5d86cbd75b545f0d628abccd,Manning Jackson,cis,teste@teste.com,business,3
5d86cbd78c053690290569cd,Hammond Keller,cis,teste@teste.com,frontend,2
5d86cbd75f0bd848b7a8fcc1,Linda Sandoval,nb,teste@teste.com,frontend,3
5d86cbd7b97a968361b91f14,Summer Stevens,trans,teste@teste.com,ux,2
5d86cbd715d18ccc8d6e098b,Hudson Shepard,cis,teste@teste.com,frontend,2
5d86cbd7c388f8f5597c681d,Scott Hale,trans,teste@teste.com,backend,3
5d86cbd741ff2ed2c713a5da,Ellison Patrick,ni,teste@teste.com,ux,2
5d86cbd7d3ea7713273e5660,Chavez Clemons,cis,teste@teste.com,backend,3
5d86cbd7d811998945930d34,Anastasia Ortega,nb,teste@teste.com,backend,2
5d86cbd7aa0bfbf128eb3058,Key Hensley,ni,teste@teste.com,backend,2
5d86cbd7fcc5dab3bc6695df,Tabatha Mcbride,ni,teste@teste.com,business,1
5d86cbd7544587f01b478b76,Merle Lang,trans,teste@teste.com,backend,2
5d86cbd7b0b0ecb8984c3b3f,Herrera Emerson,nb,teste@teste.com,business,2
5d86cbd7bdf32d231ac5dd1c,Travis Jefferson,trans,teste@teste.com,business,1
5d86cbd7d317d92637c10c26,Cora Berger,ni,teste@teste.com,ux,1
5d86cbd7bb07a38d62817063,Battle Woods,cis,teste@teste.com,frontend,2
5d86cbd7eeea7752816ecc23,Calderon Cohen,trans,teste@teste.com,backend,1
5d86cbd7325407f1277ed21a,Susanne Snow,cis,teste@teste.com,ux,3
5d86cc0a53b0866aa7a891dc,Bernice Schneider,nb,teste@teste.com,frontend,3
5d86cc0a718ecde4e1d5a7f6,Edna Montoya,nb,teste@teste.com,ux,3
5d86cc0aba9b3ae0495592ee,Raymond Delaney,cis,teste@teste.com,backend,2
5d86cc0a35d9dfe1d469968b,Mcbride Charles,trans,teste@teste.com,business,3
5d86cc0aebe1da440ebcc466,Campos Thornton,nb,teste@teste.com,frontend,2
5d86cc0a2e4c4bedd59dc1ac,Cora Weaver,nb,teste@teste.com,backend,2
5d86cc0aedd22b1a0bead995,Earnestine Fowler,trans,teste@teste.com,backend,2
5d86cc0a4e0c5829d3230901,Nell Blair,nb,teste@teste.com,frontend,1
5d86cc0aedaf3e4ea0a3b70f,Louella Church,ni,teste@teste.com,business,2
5d86cc0a7295cb4725334524,Sullivan Carr,cis,teste@teste.com,business,3
5d86cc0ae33dc97219c0f68c,Colleen Burks,nb,teste@teste.com,business,3
5d86cc0a017489e060abd05c,Madeleine Britt,cis,teste@teste.com,backend,3
5d86cc0a09a4622daba9d5a9,Mcknight Fitzpatrick,trans,teste@teste.com,frontend,1
5d86cc0a76bfedd5e5e67f11,Mallory Madden,nb,teste@teste.com,ux,2
5d86cbd73f1b7e299501c4a5,Kathleen Mcclure,trans,teste@teste.com,ux,3
5d86cc0aa10f2504069e11dd,Drake Mcclure,ni,teste@teste.com,backend,3
5d86cc0a2226e9f513a28034,Sutton Preston,trans,teste@teste.com,ux,3
5d86cc0a15f13d576426181d,John Dyer,nb,teste@teste.com,frontend,2
5d86cc0aecc2e247c5b83b58,Lynn Witt,nb,teste@teste.com,frontend,3
5d86cc0a23fa6644304c8fea,Cross Prince,nb,teste@teste.com,ux,3
5d86cc0a371c3539a00236de,Mcneil Snyder,ni,teste@teste.com,business,1
5d86cc0a7ddb3bd658b28307,Orr Fry,trans,teste@teste.com,business,1
5d86cc0aae78483e50bb31a9,Juanita Arnold,trans,teste@teste.com,ux,3
5d86cc0a5da4a5f8265bd32e,Decker Hays,ni,teste@teste.com,ux,1
5d86cc0a0be08b1198a5e8b4,Louisa Lang,nb,teste@teste.com,backend,1
5d86cc0afc8e2db93461b81f,Jayne Stanton,ni,teste@teste.com,frontend,1
5d86cc0ad8ed5e90ff5c3d66,Wright Maxwell,ni,teste@teste.com,backend,3
5d86cc0a58c694c9dfa14ebc,Lee Carlson,nb,teste@teste.com,frontend,3
5d86cc0a27db1284faa025da,Vincent Duran,ni,teste@teste.com,ux,2
5d86cc0a8c6c66fe89b99c65,Cornelia Mullen,ni,teste@teste.com,business,2
5d86cc0a13d50390b6ed43ab,Barbra Jarvis,nb,teste@teste.com,backend,1
5d86cc0a88946c3dedd8ba04,Manuela Fernandez,ni,teste@teste.com,backend,3
5d86cc0a5d62c9c69bb78bdb,Glass Hammond,trans,teste@teste.com,backend,1
5d86cc0a30594d5968f826f1,Hillary Hodges,trans,teste@teste.com,frontend,1
5d86cc0aac0e0d8ce4e9c0a1,Tommie Carter,cis,teste@teste.com,ux,1
5d86cc0a1245f5279ca8159a,Frank Lancaster,ni,teste@teste.com,frontend,1
5d86cc0abba35881fed8da4c,Eva Delgado,trans,teste@teste.com,frontend,3
5d86cc0a0d2e1ff5fc7db098,Darla Wise,trans,teste@teste.com,backend,3
5d86cc0ab8b7b56423218992,Ayers Roberson,trans,teste@teste.com,frontend,3
5d86cc0a41873584c1e5374f,Stefanie Conner,trans,teste@teste.com,business,1
5d86cc0a52ad4984d4563b8c,Hollie Graves,ni,teste@teste.com,business,2
5d86cc0ab56f44d4e38660dd,Marla Craig,nb,teste@teste.com,frontend,2
5d86cc0a8fc7354b05f353fb,Jeri Paul,trans,teste@teste.com,backend,2
5d86cc0a28b8164e4c3db2e7,Vickie Byers,cis,teste@teste.com,ux,1
5d86cc0ab79f67f5f045e54c,Virgie Valenzuela,nb,teste@teste.com,business,1
5d86cc0a01743c5f3f6d1aa5,Underwood Wagner,trans,teste@teste.com,business,1
5d86cc0ac09170869229b325,Hampton Cox,nb,teste@teste.com,frontend,3
5d86cc0a5005834533556cba,Clemons Buckley,cis,teste@teste.com,frontend,1
5d86cc0a9b845efbfa05f6d9,Geraldine Dillard,nb,teste@teste.com,business,2
5d86cc0a919543ccee395fa8,Phillips House,ni,teste@teste.com,frontend,1
5d86cc0a0a534e57c8c2c852,Mcclure Blevins,cis,teste@teste.com,backend,1
5d86cc0a0deebc43268306b6,Frederick Mullins,trans,teste@teste.com,frontend,2
5d86cc0a3d1005c4170fd3f4,Lucia Pratt,cis,teste@teste.com,business,2
5d86cc0adcea5ba788d1c5e0,Sharp Morse,trans,teste@teste.com,business,1
5d86cc0a68210ccc0c4bfb0d,Candace Harrison,cis,teste@teste.com,ux,1
5d86cc0a5604f7682ec4a14e,Christi Howe,nb,teste@teste.com,ux,1
5d86cc0ad0cc963cc831ff52,Young Bond,ni,teste@teste.com,ux,3
5d86cc0abfbf861f509d7361,Shelton Brady,nb,teste@teste.com,ux,1
5d86cc0afdc9092862d3198f,Reyes Justice,ni,teste@teste.com,frontend,3
5d86cc0af0912db8bb48f2e5,Velma Kane,ni,teste@teste.com,business,1
5d86cc0abc6e49464d1fe746,Morton Davidson,trans,teste@teste.com,business,3
5d86cc0a52e83d777794118b,Brown Christian,cis,teste@teste.com,backend,1
5d86cc0a7f911672544219a8,Mcclain Clements,trans,teste@teste.com,backend,1
5d86cc0a8a57aed4f5531cc3,Sosa Holmes,cis,teste@teste.com,business,3
5d86cc0a4de9bab5b80416c3,Casey Douglas,cis,teste@teste.com,ux,3
5d86cc0a906ff8dbc571c378,Sue Edwards,cis,teste@teste.com,ux,2
5d86cc0a9363ef690e79b6ed,Chang Olson,nb,teste@teste.com,frontend,3
5d86cc0ab9b608bebeddf10f,Beatriz Carney,nb,teste@teste.com,business,1
5d86cc0ad417e9914cbf0596,Downs Mccarty,nb,teste@teste.com,business,2
5d86cc0a5159ca1f08a72aa2,Daniels Nguyen,nb,teste@teste.com,backend,1
5d86cc0ad7cc51f27e3e2992,Zelma Curry,cis,teste@teste.com,ux,2
5d86cc0a8a4fdadf672ebc3d,Madge Fox,trans,teste@teste.com,frontend,3
5d86cc0a02a68768f4dca3ea,Myers Owen,nb,teste@teste.com,business,1
5d86cc0a6bf89c6518093485,Medina Bush,ni,teste@teste.com,frontend,1
5d86cc0a055befe9a6bec249,Becky Gamble,nb,teste@teste.com,business,1
5d86cc0a72aecab68bdf64c0,Alyce Scott,trans,teste@teste.com,ux,3
5d86cc0a4887086a5aa316b8,Marva Jennings,cis,teste@teste.com,frontend,3
5d86cc0a5761ba2ab3f7fdcb,Etta Bullock,trans,teste@teste.com,ux,2
5d86cc0ad9dc0022bd5be3c1,Sheryl Austin,nb,teste@teste.com,backend,3
5d86cc0abce9b696f9217139,Joan Olsen,ni,teste@teste.com,ux,3
5d86cc0abe09461259e6b673,Elsie Bowman,cis,teste@teste.com,backend,3
5d86cc0af89cf3e8b86b0fd3,Jennings Beard,ni,teste@teste.com,business,2
5d86cc0ab91f7e5f91335942,Fitzgerald Gilbert,trans,teste@teste.com,backend,1
5d86cc0aae1fef2e76ae0658,Giles Turner,ni,teste@teste.com,backend,3
5d86cc0ad2b12a431aff10db,Sara Garrett,trans,teste@teste.com,business,2
5d86cc0a2522b5a5bdd599b4,Gould Burris,trans,teste@teste.com,ux,1
5d86cc0ae35ff7da66199f18,Grant Carrillo,ni,teste@teste.com,business,1
5d86cc0a98c469ec0b0620a6,Mabel Sweeney,ni,teste@teste.com,business,2
5d86cc0a63d584dc6ffe58a1,Deanne Chaney,trans,teste@teste.com,backend,3
5d86cc0aa7a9b7385d4dcfe9,Schultz Monroe,cis,teste@teste.com,business,1
5d86cc0a0399971ee8afb7c5,Leta Estes,trans,teste@teste.com,business,2
5d86cc0a3cb31a90be9af43f,Mccarthy Reid,cis,teste@teste.com,ux,3
5d86cc0a5e9ec6575e2a7614,Sherrie Obrien,nb,teste@teste.com,business,2
5d86cc0ab14429ca68f44568,Terry Mendoza,nb,teste@teste.com,frontend,1
5d86cc0a8f5ad65dc31984cf,Burns Gray,cis,teste@teste.com,backend,3
5d86cc0ad73c4682c484776b,Beth Parker,nb,teste@teste.com,ux,2
5d86cc0a1dc141eb70458c3c,Benton Green,ni,teste@teste.com,backend,2
5d86cc0a17a4463da9625fd1,Ellison Merritt,cis,teste@teste.com,frontend,2
5d86cc0aba8dad71aa0d690a,Leach Richard,ni,teste@teste.com,backend,3
5d86cc0a9db43b4af66496d5,Helen Pitts,nb,teste@teste.com,frontend,1
5d86cc0a2bc1526e59cd65f1,Sykes Quinn,nb,teste@teste.com,frontend,1
5d86cc32dff3fc182cace732,Marquita Nixon,ni,teste@teste.com,frontend,1
5d86cc3218d05bc4a41daecf,Christie Blair,trans,teste@teste.com,ux,3
5d86cc323e36c107c0a1335d,West Ewing,ni,teste@teste.com,frontend,2
5d86cc329aba2e8a0d2b63c6,Paige Obrien,trans,teste@teste.com,backend,3
5d86cc32a613381ad17b3e09,Cardenas Fleming,ni,teste@teste.com,backend,3
5d86cc32153d469d2de28b39,Keisha Stark,cis,teste@teste.com,ux,3
5d86cc3273dc2049fe31e46b,Woodard Hammond,trans,teste@teste.com,ux,2
5d86cc32b38abb3598f2adcc,Nadine Morse,cis,teste@teste.com,backend,1
5d86cc32c24fae400a977fee,Cindy Berger,trans,teste@teste.com,ux,1
5d86cc325ba18b65b9553eef,Sheree Moses,nb,teste@teste.com,ux,1
5d86cc32fbf0cb835caaa4d5,Townsend Cantrell,cis,teste@teste.com,business,1
5d86cc32b4eb39ec4167519c,Ivy Walsh,nb,teste@teste.com,ux,2
5d86cc3215c05daa493b5f82,Trisha Navarro,nb,teste@teste.com,ux,1
5d86cc32195d8fd96f3e2ba8,Karla George,ni,teste@teste.com,backend,2
5d86cc32d149b9e268d4b147,Obrien Price,nb,teste@teste.com,business,3
5d86cc32ed5f774298358409,Mariana Chapman,ni,teste@teste.com,frontend,1
5d86cc32800db8996030a7f4,Hooper Hardy,nb,teste@teste.com,backend,3
5d86cc3273ab8b5d78d4ea59,Selena Nguyen,ni,teste@teste.com,business,1
5d86cc3208b541e759e524c4,Tonia Meyer,trans,teste@teste.com,backend,1
5d86cc327c433be45bc17397,Socorro Skinner,nb,teste@teste.com,business,1
5d86cc324e3d012c2c9f4a6a,Kristen Caldwell,trans,teste@teste.com,frontend,2
5d86cc32a10e08052afebc5f,Hattie Juarez,ni,teste@teste.com,backend,1
5d86cc32b87eb5917145958e,Bethany Hurst,trans,teste@teste.com,business,1
5d86cc320c9a73cacfe28cda,Russo Foley,ni,teste@teste.com,business,1
5d86cc327c7fb8da1cb0e4b1,Ila Byers,ni,teste@teste.com,ux,2
5d86cc3258f45b11c91f7ec3,Stark Griffin,trans,teste@teste.com,ux,2
5d86cc321a73f98649b2a7ed,Harrison Mcbride,trans,teste@teste.com,frontend,3
5d86cc32588a0ab444783225,Chandra Casey,nb,teste@teste.com,business,3
5d86cc32e7174e7f50e474a8,Caitlin Mason,ni,teste@teste.com,backend,2
5d86cc32f877045a16311f3b,Millicent Velez,cis,teste@teste.com,frontend,1
5d86cc324937f2604ba0300b,Delores Simon,cis,teste@teste.com,backend,2
5d86cc3290437479c1eb9411,Miranda Levine,nb,teste@teste.com,backend,1
5d86cc32a9d5c9ba764e430f,Katherine May,trans,teste@teste.com,ux,2
5d86cc323a45904c662f0a77,Mendoza Fitzpatrick,ni,teste@teste.com,ux,3
5d86cc326a598572a96364e6,Marla Cooley,nb,teste@teste.com,business,2
5d86cc325c9d6904fda46bf4,Thornton Anderson,trans,teste@teste.com,business,2
5d86cc322a2379686bacda1e,Rosanna Mendoza,trans,teste@teste.com,business,2
5d86cc32086a53331a7f3e0e,Jordan Mcintosh,trans,teste@teste.com,business,2
5d86cc32a9f5b0579ea87067,Castillo Hyde,cis,teste@teste.com,business,1
5d86cc32f9da13b4d1ffa193,Elise Stafford,nb,teste@teste.com,frontend,3
5d86cc32da7daee11f690cf6,Beck Phillips,ni,teste@teste.com,frontend,1
5d86cc32873968a2d188a2a1,Reyna Reynolds,cis,teste@teste.com,business,3
5d86cc32a5e532d8a97ed457,Annette Mccall,cis,teste@teste.com,frontend,3
5d86cc3289af91ccddbea968,Hale Walls,ni,teste@teste.com,business,2
5d86cc3256a0aa5e7e91dbc3,Megan Everett,ni,teste@teste.com,backend,3
5d86cc32703ea2449fb8b2fb,Kathy Ayala,nb,teste@teste.com,backend,3
5d86cc32e913a139b24bdfb9,Bertie Decker,trans,teste@teste.com,frontend,1
5d86cc322409f20417e212bc,Melton Goff,nb,teste@teste.com,backend,2
5d86cc326eeb16f5ab4de701,Edwina Townsend,ni,teste@teste.com,ux,2
5d86cc32de7f87bff43d665f,Roman Fowler,nb,teste@teste.com,business,2
5d86cc32dfde6d052e347ee4,Lauri Boyd,cis,teste@teste.com,backend,1
5d86cc32fe06a20ca82a52f4,Hester Molina,ni,teste@teste.com,frontend,1
5d86cc329180c5b2626df721,Rebekah Carey,ni,teste@teste.com,business,2
5d86cc328bbf4ae94e9cefae,Autumn Lester,nb,teste@teste.com,ux,1
5d86cc321924533915f272b0,Tia Merritt,trans,teste@teste.com,ux,2
5d86cc324b749c82ff9c7316,Marsh Barr,trans,teste@teste.com,backend,1
5d86cc329f6b49f0059f049a,Sharpe Byrd,nb,teste@teste.com,backend,2
5d86cc3249a74346101bed1f,Leanna Meadows,cis,teste@teste.com,business,3
5d86cc3213b666bc0c3d4249,Rita Petersen,nb,teste@teste.com,business,2
5d86cc32eb4dbe60ca5fe499,Ortega Woods,ni,teste@teste.com,frontend,3
5d86cc326c1de41022829dd5,Zimmerman Drake,trans,teste@teste.com,backend,3
5d86cc323724b4c9228254ee,Kara Cameron,ni,teste@teste.com,backend,2
5d86cc32a6d27a45b11f1416,Rosalinda Keller,trans,teste@teste.com,ux,2
5d86cc322e1ae90a9696e3c9,Agnes Buchanan,cis,teste@teste.com,backend,1
5d86cc327a6ddc444f22cadc,Marta Gordon,ni,teste@teste.com,frontend,1
5d86cc32479059acb925cd48,Walker York,ni,teste@teste.com,ux,1
5d86cc3272cf96fa670fe2af,Barber Witt,ni,teste@teste.com,business,3
5d86cc32185a763fa47a036e,Montoya Herring,cis,teste@teste.com,ux,1
5d86cc32db4158c2e00df9fc,Bonner Morrison,trans,teste@teste.com,ux,1
5d86cc3237f9cc9ec1656973,Le Dixon,nb,teste@teste.com,frontend,3
5d86cc32eb1f1d26aad74721,Hensley Ayers,trans,teste@teste.com,business,1
5d86cc328885c4f2cdb2d121,Vickie Curry,ni,teste@teste.com,backend,1
5d86cc322dcbd2a37d50b834,Erna Shields,nb,teste@teste.com,frontend,1
5d86cc32546538eac42491ab,Latonya Underwood,trans,teste@teste.com,ux,2
5d86cc324968d34d42a9f3b6,Maude Waters,nb,teste@teste.com,business,2
5d86cc323056db5349f4d45a,Janie Christensen,trans,teste@teste.com,backend,3
5d86cc32e60dedded7aec1ea,Molina Osborn,nb,teste@teste.com,ux,3
5d86cc321f3bf3d924671e43,Morgan Ross,nb,teste@teste.com,frontend,1
5d86cc323b6ecff01c7a0880,Saundra Hewitt,trans,teste@teste.com,ux,1
5d86cc3231b26c284ff6e884,Maryanne Hardin,trans,teste@teste.com,backend,3
5d86cc320c81e47e9a9cc023,Alexis Rowland,trans,teste@teste.com,ux,3
5d86cc3255ae1110093b4216,Bianca Dennis,trans,teste@teste.com,frontend,3
5d86cc32a2bc12c9bf398691,Concepcion Sweeney,ni,teste@teste.com,frontend,2
5d86cc3219901ad0dc7a56b6,Brooks Dodson,nb,teste@teste.com,business,2
5d86cc325cdcfabd28c84fb7,Hill Holden,ni,teste@teste.com,backend,3
5d86cc32d0051332d4303579,Maricela Simmons,nb,teste@teste.com,ux,2
5d86cc32f9d9b91c595e2013,Opal Williamson,trans,teste@teste.com,backend,2
5d86cc32ea8ec460b3d7d007,Boyd Lott,ni,teste@teste.com,backend,2
5d86cc3270b8c0b8b91df3d1,Carpenter Haney,ni,teste@teste.com,frontend,3
5d86cc32a45cec3cfe5aa665,Maggie Davenport,ni,teste@teste.com,backend,1
5d86cc32020fbe72d901dabc,Shelly Foster,trans,teste@teste.com,frontend,2
5d86cc32fe2b6fc4871a53cf,Dona Freeman,ni,teste@teste.com,backend,2
5d86cc3231ac054df22cf6aa,Dunn Mcmahon,nb,teste@teste.com,backend,2
5d86cc3266de1c0fd03fcbe4,Bowers Lancaster,cis,teste@teste.com,backend,3
5d86cc3201d1354bbff73f2c,Sheri Garner,ni,teste@teste.com,frontend,2
5d86cc3233948ec8ca49f16b,Inez Dejesus,ni,teste@teste.com,backend,2
5d86cc3252582cedd42944bc,Joanna Wade,cis,teste@teste.com,backend,3
5d86cc3263dc0a2c876bb20f,Isabel Morton,nb,teste@teste.com,business,1
5d86cc661b6690660594432a,Pierce Delgado,ni,teste@teste.com,ux,1
5d86cc32d7d59a6776b69d38,Bradford Preston,ni,teste@teste.com,business,2
5d86cc66150e390cfeafeabd,House Gibson,trans,teste@teste.com,ux,2
5d86cc668d4e9bda7894a6f8,Angel Nixon,ni,teste@teste.com,ux,1
5d86cc32599fbed7da0e74ab,Gross Howe,cis,teste@teste.com,ux,3
5d86cc66cbbe7560d71eb612,Fletcher Matthews,trans,teste@teste.com,backend,1
5d86cc6633f8f047d2a6ab81,Hill Keller,ni,teste@teste.com,ux,3
5d86cc66e79dd36dfef36a6a,French Long,nb,teste@teste.com,ux,2
5d86cc6616f36d51d8d69ff5,Lynda Daniel,ni,teste@teste.com,frontend,3
5d86cc663a449fcc5b0e1839,Huber Tillman,trans,teste@teste.com,ux,3
5d86cc663179da1012fef86b,Selma Byers,nb,teste@teste.com,backend,3
5d86cc664c50b5ad91e3304e,Mona Garrison,nb,teste@teste.com,business,3
5d86cc6680f89f1c435a636d,Evangeline Hudson,trans,teste@teste.com,business,1
5d86cc66a00086269b0ee3d7,Lynne Guerrero,ni,teste@teste.com,ux,3
5d86cc663baace5e081c7366,Wyatt Cantu,ni,teste@teste.com,backend,1
5d86cc667b3704823f676dd1,Chambers Horn,ni,teste@teste.com,business,1
5d86cc6600c9282d788e681d,Candace Robinson,cis,teste@teste.com,backend,2
5d86cc6641f3c39912dc1052,Pauline French,nb,teste@teste.com,backend,2
5d86cc6649911d160b7c08bc,Angeline William,cis,teste@teste.com,frontend,2
5d86cc66160aa8993bc2ca48,Combs Mcdowell,nb,teste@teste.com,ux,2
5d86cc66ec3e1e503c05b981,Patel Bullock,ni,teste@teste.com,business,3
5d86cc66fe27d5476c6b14ab,Belinda Skinner,nb,teste@teste.com,frontend,2
5d86cc66350b3c39d249d4b9,Carissa Lee,cis,teste@teste.com,backend,2
5d86cc6683b9d0ca1781fcdc,Bethany Gordon,nb,teste@teste.com,business,1
5d86cc66010c9963529c8275,Jayne Rodriquez,trans,teste@teste.com,frontend,2
5d86cc66b651c085af53069b,Eula Campbell,cis,teste@teste.com,frontend,2
5d86cc6612dd8e4e27c79185,Isabelle Hammond,trans,teste@teste.com,frontend,2
5d86cc667ada5efd38108f47,Hines Banks,ni,teste@teste.com,ux,3
5d86cc66c094308f6e204c26,Julie Henry,cis,teste@teste.com,frontend,1
5d86cc66166ed89dc71ec11c,Anna Sexton,ni,teste@teste.com,backend,2
5d86cc66e971601d92e9dfb0,English Hughes,cis,teste@teste.com,backend,2
5d86cc668df9cf7932a180c8,Mcbride Cameron,cis,teste@teste.com,ux,2
5d86cc66a9544caaffe2fbaf,Sharon Hopkins,nb,teste@teste.com,business,3
5d86cc66e45c5869374d70b9,Vera Irwin,trans,teste@teste.com,backend,3
5d86cc6639c96e7ac1957f16,Leila Melendez,cis,teste@teste.com,backend,3
5d86cc669d9612d3b2ab7e24,Marissa Morrison,ni,teste@teste.com,backend,3
5d86cc66874fbeee88af6f6c,Wagner Glover,ni,teste@teste.com,frontend,3
5d86cc668e7ec5f30c6b3261,Cervantes Mcclain,trans,teste@teste.com,backend,3
5d86cc66c31b3ecd435ab1b0,Sharlene Klein,ni,teste@teste.com,ux,1
5d86cc664e0b221774013bb3,Robyn Wallace,ni,teste@teste.com,business,3
5d86cc66ab4c8db7f460dd0d,Vicky Perry,ni,teste@teste.com,backend,1
5d86cc6631065e820e6a5dfa,Jeannette Bryan,nb,teste@teste.com,business,3
5d86cc661522fa14753cea65,Gentry Allison,ni,teste@teste.com,business,2
5d86cc6663a0feca1cda16e4,Lori Bowman,trans,teste@teste.com,business,1
5d86cc66f5a7d438aa669c10,Kris Roman,cis,teste@teste.com,ux,2
5d86cc666650dc47dfc750c9,Yates Pollard,ni,teste@teste.com,business,2
5d86cc669db03089aef2a0de,Wilson Conner,trans,teste@teste.com,business,3
5d86cc66fcb66d9507dbc0f4,Hammond Trevino,cis,teste@teste.com,business,2
5d86cc66f6962dd0099f3f5d,Marva Dyer,cis,teste@teste.com,frontend,1
5d86cc66d4dce31191a6cb6f,Mitzi Sykes,ni,teste@teste.com,backend,2
5d86cc66be4fbbc9d1438877,Cecile Peck,nb,teste@teste.com,backend,1
5d86cc66999de4db7468f046,Imelda Horton,cis,teste@teste.com,backend,2
5d86cc662380e1662a5bc29b,Mayra Ortiz,ni,teste@teste.com,frontend,2
5d86cc668a78c12c268252cb,Marilyn Castillo,nb,teste@teste.com,backend,3
5d86cc662ea43e2888cca853,Eunice Barr,cis,teste@teste.com,frontend,2
5d86cc66f148e6407bd5e5db,Melinda Morris,cis,teste@teste.com,frontend,3
5d86cc66595639b23d0e0952,Fannie Black,cis,teste@teste.com,ux,2
5d86cc66009954ffc8c02edc,Latasha Tucker,nb,teste@teste.com,business,3
5d86cc66f1452e024b9b5abb,Barbara Villarreal,cis,teste@teste.com,business,3
5d86cc660fbafc31705c9000,Hilda Maddox,cis,teste@teste.com,ux,3
5d86cc661927629d946a3c0b,Reeves Charles,trans,teste@teste.com,ux,3
5d86cc66aa8487e08c8ce0ca,Jordan Warren,ni,teste@teste.com,backend,2
5d86cc660c85bda1a224ba8d,Miranda Knight,cis,teste@teste.com,backend,1
5d86cc663d014a897de9de68,Marsha Haley,cis,teste@teste.com,ux,2
5d86cc669737d0cd327a7f72,Monroe Swanson,nb,teste@teste.com,backend,3
5d86cc663ed9ff3fd7a35525,Castillo Lambert,ni,teste@teste.com,ux,3
5d86cc6669fe06046a5c84cd,Alexander Downs,cis,teste@teste.com,frontend,2
5d86cc6693645c1a06bd878e,Ingrid Ball,cis,teste@teste.com,business,1
5d86cc660715fec277edeaff,Pearlie Pickett,nb,teste@teste.com,ux,1
5d86cc66bf3495c619f66471,Lorene Mccarty,ni,teste@teste.com,business,3
5d86cc66f9f7ad61ef5eba59,Laurie Mccall,nb,teste@teste.com,business,3
5d86cc6795f699cafbf58ec2,Fitzgerald Simmons,ni,teste@teste.com,ux,2
5d86cc6798f401e6ee1db6f0,Osborn Hogan,trans,teste@teste.com,backend,2
5d86cc67359cea01b9bd2ac7,Brianna Sharp,trans,teste@teste.com,ux,3
5d86cc67dc27fe488ea87356,Millie Church,ni,teste@teste.com,frontend,2
5d86cc6708d8e2727ee276be,Angela Buckley,nb,teste@teste.com,ux,3
5d86cc67dd30327ce5aaa85b,Cleveland Hubbard,cis,teste@teste.com,backend,1
5d86cc675ecb3faabff7e9f2,Amie Raymond,trans,teste@teste.com,frontend,1
5d86cc67e9e80e67f0026315,Oliver Burnett,nb,teste@teste.com,frontend,2
5d86cc67d6813967d16b1928,Whitehead Spence,trans,teste@teste.com,business,1
5d86cc678b5b63152dfc72db,Bray Valentine,ni,teste@teste.com,ux,2
5d86cc678b2a7f28142d501a,Mamie Pitts,cis,teste@teste.com,ux,1
5d86cc67e23609a5300e80fa,Mueller Welch,trans,teste@teste.com,backend,3
5d86cc67ddc77d9722dc423d,Glenna Stone,nb,teste@teste.com,business,3
5d86cc67d243738ef3d54202,Nola Ryan,nb,teste@teste.com,backend,3
5d86cc67bdd6c2a29cb5f62f,Christine Simpson,trans,teste@teste.com,backend,3
5d86cc6729e25d78f1d95264,Rice Cobb,trans,teste@teste.com,frontend,2
5d86cc6737e3994c520891f0,Abbott Sellers,nb,teste@teste.com,business,3
5d86cc67d8bcb61ab3b4128c,Flores Gibbs,cis,teste@teste.com,frontend,1
5d86cc67b2dc669c8d07c7db,Roslyn Mckee,cis,teste@teste.com,frontend,1
5d86cc67c8a7ce67bf42ddb5,Sheena Kerr,trans,teste@teste.com,frontend,3
5d86cc6772a9b2337d192003,Shauna Wheeler,ni,teste@teste.com,business,2
5d86cc67cdfffe8b8fb2e0b8,Rivers Norman,nb,teste@teste.com,business,3
5d86cc67b17b8f87519b5765,Amber Nunez,trans,teste@teste.com,frontend,2
5d86cc67571ec6cf1ce65cb2,Craig Barnes,cis,teste@teste.com,business,1
5d86cc67c99d4eb9dc94900e,Kristy Maldonado,ni,teste@teste.com,backend,3
5d86cc6762e5aeabf9c136f4,Socorro Bradley,ni,teste@teste.com,ux,2
5d86cc6709889aac784ed500,Newton Richard,cis,teste@teste.com,business,1
5d86cc6737d29f13043885cf,Grant Mcknight,ni,teste@teste.com,business,3
5d86cc67e01892c0ee59744d,Valeria Merritt,trans,teste@teste.com,frontend,2
5d86cc67652a693bed9f00f7,Whitaker Waller,ni,teste@teste.com,backend,2
5d86cc8b089538365d85c039,Ferguson Rodgers,cis,teste@teste.com,backend,2
5d86cc8be552a22791be1a79,Olga Melton,trans,teste@teste.com,frontend,1
5d86cc8b4290f636e009b18d,Lacey Jarvis,trans,teste@teste.com,backend,1
5d86cc8ba9de52f74e54fd70,Aurelia Valencia,ni,teste@teste.com,backend,1
5d86cc673455a589b6d0d721,Barnett Kelley,cis,teste@teste.com,backend,1
5d86cc8b753807170f0e7a99,Dee Randall,nb,teste@teste.com,backend,1
5d86cc8b2a01663d955846a0,Burch James,cis,teste@teste.com,business,3
5d86cc8b9d2a989314957384,Nieves Cotton,ni,teste@teste.com,business,1
5d86cc8b39beb68edcf548d4,Velez Burks,nb,teste@teste.com,ux,3
5d86cc8bfd15f77c7c53120a,Espinoza Meyers,ni,teste@teste.com,frontend,3
5d86cc8b016465617936635b,Susan Neal,nb,teste@teste.com,ux,1
5d86cc8bc00252b64006e1cd,Finley Soto,nb,teste@teste.com,ux,2
5d86cc8b958e8004a820c9d3,Stevenson Haley,cis,teste@teste.com,ux,2
5d86cc8b5cc6309ae44c2059,Baird Anderson,trans,teste@teste.com,business,3
5d86cc8bec5651e6475c0de5,Blackwell Case,ni,teste@teste.com,business,2
5d86cc8bdd965de51b18565b,Jennifer Hewitt,nb,teste@teste.com,backend,1
5d86cc8bcd1b225162841430,Rosa Petty,trans,teste@teste.com,ux,1
5d86cc8b78ee3839303552cc,Luna Dunn,trans,teste@teste.com,frontend,3
5d86cc8b76fc89207ee171fa,Nelda Lang,ni,teste@teste.com,frontend,2
5d86cc8bd04bf89001b61b07,Teri Kane,cis,teste@teste.com,backend,1
5d86cc8bfa9d2f8d386ea23d,Travis Winters,ni,teste@teste.com,backend,2
5d86cc8b600b5ff89aaf4fb5,Ida Weber,ni,teste@teste.com,backend,2
5d86cc8b5a70c73707534ee6,Jenkins Aguilar,cis,teste@teste.com,ux,1
5d86cc8bbbb1a346e5a340e3,Camille Bonner,trans,teste@teste.com,ux,1
5d86cc8b07593c92c03b4590,Imelda Jackson,ni,teste@teste.com,frontend,3
5d86cc8b62e6604cdc79ca96,Daugherty Sparks,cis,teste@teste.com,ux,2
5d86cc8bf6e10acefa5bdac8,Fischer Williams,trans,teste@teste.com,backend,3
5d86cc8b19e4a64aa81d0453,Reyes Durham,ni,teste@teste.com,backend,2
5d86cc8b0456c71650807b93,Minerva Vincent,cis,teste@teste.com,frontend,2
5d86cc8b084c1ea9b29958ec,Manuela Patel,cis,teste@teste.com,ux,1
5d86cc8bd2feaa8fba25ece9,Tanner Sweet,trans,teste@teste.com,backend,2
5d86cc8bec61292df7aa68ec,Hughes Woodard,cis,teste@teste.com,backend,1
5d86cc8b2c0efa1ec55ce893,Payne Fernandez,nb,teste@teste.com,business,2
5d86cc8b614126a50c4231fe,Shaffer Cross,trans,teste@teste.com,backend,3
5d86cc8bf02cdde693bebdf0,Angela Salinas,cis,teste@teste.com,ux,1
5d86cc8b2a0d6d6708cc3ab8,Ferrell Gordon,cis,teste@teste.com,backend,1
5d86cc8b039195d7739c5566,Lang Spears,ni,teste@teste.com,business,1
5d86cc8b0d3d6e339a1c31c5,Frazier Hinton,cis,teste@teste.com,ux,2
5d86cc8be3927bb5c79f135b,Virgie Kramer,ni,teste@teste.com,ux,2
5d86cc8b4bc9b89bd4372de9,Emily Crosby,nb,teste@teste.com,ux,2
5d86cc8bcc063177f6c93d9c,Garza Gallegos,nb,teste@teste.com,frontend,3
5d86cc8b328492b095911952,Elnora Knowles,ni,teste@teste.com,business,1
5d86cc8ba9485a7e72c2ed08,Velasquez Hardy,trans,teste@teste.com,business,3
5d86cc8bf0dd3899cb500280,Reed Crane,ni,teste@teste.com,ux,3
5d86cc8b076bfb3125eba56f,Kathy Avery,trans,teste@teste.com,backend,3
5d86cc8b923609a27805e32b,Skinner Gregory,cis,teste@teste.com,frontend,2
5d86cc8bc3662653617acfa6,Cameron Martinez,trans,teste@teste.com,ux,1
5d86cc8be53e17fcf9f74fff,Robyn Battle,nb,teste@teste.com,backend,2
5d86cc8bda30c5f23ac69882,Kelly Waller,cis,teste@teste.com,business,1
5d86cc8beefb1253809c5e11,Livingston Valentine,trans,teste@teste.com,frontend,2
5d86cc8b2530236eca9fac8b,Humphrey Jimenez,cis,teste@teste.com,ux,2
5d86cc8b31a05c59aaf5c245,Lesley Everett,cis,teste@teste.com,frontend,3
5d86cc8b805e23f6685694bd,Tommie Merritt,nb,teste@teste.com,frontend,1
5d86cc8b05646889e49520ff,Garrett Mcneil,ni,teste@teste.com,ux,1
5d86cc8bb947b149fd34d4d0,Judy Chapman,nb,teste@teste.com,backend,1
5d86cc8bed88bc140aa41879,Wendi Carey,trans,teste@teste.com,business,2
5d86cc8bde384b08f209ce67,Andrea Mccray,nb,teste@teste.com,frontend,1
5d86cc8b8fdfa368e9aa2567,Cardenas Adkins,ni,teste@teste.com,ux,1
5d86cc8b14edb3c8a17077bf,Mayer Benson,ni,teste@teste.com,backend,3
5d86cc8be09814ac7e5a6fb7,Clark Richard,trans,teste@teste.com,ux,3
5d86cc8b81d7a5e14707292c,Sue Booth,nb,teste@teste.com,backend,1
5d86cc8bd54f69179feff993,Foreman Hunter,trans,teste@teste.com,backend,2
5d86cc8bb25c6c7b658ae60b,Hopkins Ferrell,nb,teste@teste.com,business,3
5d86cc8bcf60396d7cbf8be1,Marshall Benjamin,nb,teste@teste.com,ux,3
5d86cc8bed47ca592e9042eb,Evelyn Nicholson,trans,teste@teste.com,business,1
5d86cc8b9776b53d3d89727b,Janna Shepherd,trans,teste@teste.com,backend,2
5d86cc8b84a4a9fc7e3b1fc7,Bridgette Vega,cis,teste@teste.com,frontend,2
5d86cc8b7c2825edfa8ea095,Dillon Reese,trans,teste@teste.com,business,2
5d86cc8b53fc5e0e19d734d6,Bertie Butler,trans,teste@teste.com,ux,2
5d86cc8b3712ab94b8c6c097,Angelique Jenkins,trans,teste@teste.com,frontend,1
5d86cc8bd37fbd40bffa5ffc,Vance Franco,nb,teste@teste.com,backend,2
5d86cc8bc22103e8003d5974,Dunn Olsen,trans,teste@teste.com,ux,1
5d86cc8b892444c5252c2dfa,Lina Wilder,ni,teste@teste.com,backend,2
5d86cc8b31d75394c5fc07fe,Parsons Abbott,nb,teste@teste.com,backend,2
5d86cc8b51e292740252dc5c,Brooke Norman,nb,teste@teste.com,ux,3
5d86cc8b08a7ee39f72c3e68,Carey Guy,ni,teste@teste.com,frontend,3
5d86cc8bdba36ceda2778f20,Lenora Munoz,cis,teste@teste.com,frontend,2
5d86cc8b66df2c522c01d186,Judith Deleon,trans,teste@teste.com,ux,3
5d86cc8b97bb362b6d17647d,Cook Mccullough,ni,teste@teste.com,backend,3
5d86cc8b303e31ce4840f782,Hale Lamb,cis,teste@teste.com,backend,3
5d86cc8bae727724c1c6cf7b,York Best,nb,teste@teste.com,business,3
5d86cc8bc9d0d32ad50083f1,Simpson Cooley,ni,teste@teste.com,frontend,2
5d86cc8bfd1f897f682b9ff0,French Rios,trans,teste@teste.com,frontend,1
5d86cc8bf5b90d6840d74a78,Todd Peters,cis,teste@teste.com,business,1
5d86cc8b8716d70272092b61,Jewel Finch,trans,teste@teste.com,backend,1
5d86cc8b07ad02d5520bb23b,Rosario Ball,ni,teste@teste.com,ux,2
5d86cc8bb4e86a710e67fc5f,Johanna Poole,nb,teste@teste.com,backend,3
5d86cc8b9701a6a921bc2b78,Margarita Trevino,trans,teste@teste.com,business,1
5d86cc8b778842b22580d79a,Constance Chandler,ni,teste@teste.com,business,2
5d86cc8b559a99c485f1010c,Avery Carr,trans,teste@teste.com,business,3
5d86cc8b6b7bab27d64fb9b3,Kasey Huber,ni,teste@teste.com,backend,1
5d86cc8bb9cd0ecdf85b2ca5,Burke Daniel,trans,teste@teste.com,business,2
5d86cc8bf20f31ce0ead21cc,Jana Bailey,nb,teste@teste.com,backend,3
5d86cc8bd65cad8d90b0dd35,Jamie Dillard,trans,teste@teste.com,frontend,3
5d86cc8bb9b457b1831c0ad0,Coffey Craig,nb,teste@teste.com,frontend,3
5d86cc8bd656ad4dde52d515,Maureen Carroll,cis,teste@teste.com,business,2
5d86cc8b84c149c4fd72b469,Amalia Hatfield,ni,teste@teste.com,backend,2
5d86cc8b8adcbc48bbc13439,Penelope Stevenson,trans,teste@teste.com,business,2
5d86cc8bb90cb5d064cb368b,Mosley Morse,nb,teste@teste.com,business,2
5d86cc8bc8fe4dbb75ddaeb3,Rhodes Gonzalez,ni,teste@teste.com,ux,2
5d86cc8b99feb3c9d3031d9e,Lynch Ryan,nb,teste@teste.com,business,2
